booking_id,guest_id,hotel_name_raw,room_type_id,check_in,check_out,nights,rate_per_night,total_revenue,satisfaction_score,booking_channel
1,258,Boston North Station,2,2025-06-07,2025-06-09,2,165.17,330.34,5,Direct
2,393,Boston North Station,4,2025-02-01,2025-02-05,4,106.23,424.92,5,Direct
3,31,London  Bankside,2,2026-03-27,2026-03-31,4,136.44,545.76,4,Corporate
4,67,rotterdam,3,2026-06-12,2026-06-17,5,188.38,941.9,5,Direct
5,128,copenhagen islands brygge,2,2025-12-02,2025-12-07,5,135.65,678.25,3,Corporate
6,259,london bankside,4,2025-09-04,2025-09-06,2,87.35,174.7,5,Direct
7,136,Copenhagen Islands Brygge,3,2026-02-17,2026-02-20,3,173.97,521.91,4,Direct
8,144,Seattle  South Lake Union,1,2025-05-12,2025-05-13,1,132.76,132.76,4,OTA
9,24,Copenhagen Islands Brygge,1,2025-05-21,2025-05-27,6,118.76,712.56,3,OTA
10,304,copenhagen islands brygge,3,2026-06-04,2026-06-11,7,207.13,1449.91,5,Corporate
11,299,london bankside,3,2025-01-28,2025-02-02,5,243.21,1216.05,3,OTA
12,349,Copenhagen Islands Brygge,2,2025-02-02,2025-02-07,5,131.21,656.05,4,Direct
13,377,copenhagen islands brygge,1,2025-05-22,2025-05-27,5,112.27,561.35,3,OTA
14,182,ROTTERDAM ,3,2026-05-11,2026-05-13,2,191.19,382.38,5,OTA
15,246,seattle south lake union,3,2025-10-08,2025-10-11,3,221.25,663.75,2,OTA
16,178,Boston North Station,4,2025-09-20,2025-09-26,6,93.18,559.08,3,OTA
17,26,New York Bowery,2,2025-08-27,2025-08-28,1,143.46,143.46,,OTA
18,335,paris gare de lyon,4,2026-05-04,2026-05-10,6,122.13,732.78,5,Direct
19,379, New York Bowery,1,2025-06-29,2025-07-03,4,105.76,423.04,2,OTA
20,5,Boston North Station,3,2025-04-20,2025-04-23,3,244.88,734.64,5,OTA
21,99,seattle south lake union,1,2025-12-05,2025-12-07,2,126.37,252.74,5,Corporate
22,313,New York Bowery,4,2026-03-14,2026-03-19,5,100.73,503.65,4,OTA
22,313,New York Bowery,4,2026-03-14,2026-03-19,5,100.73,503.65,4,OTA
23,229,Copenhagen Islands Brygge,3,2025-12-04,2025-12-07,3,213.41,640.23,4,Direct
24,82,seattle south lake union,4,2026-05-30,2026-06-05,6,111.73,670.38,5,OTA
25,79,paris gare de lyon,4,2026-01-18,2026-01-22,4,120.19,480.76,3,OTA
26,229,London  Bankside,3,2025-03-21,2025-03-26,5,232.76,1163.8,3,OTA
27,349,Seattle South Lake Union,2,2026-05-16,2026-05-17,1,149.87,149.87,4,Direct
28,158,Seattle  South Lake Union,1,2026-02-10,2026-02-13,3,130.62,391.86,5,Direct
29,242,Amsterdam Amstel,1,2025-10-21,2025-10-25,4,104.0,416.0,2,Direct
30,42,copenhagen islands brygge,2,2025-12-23,2025-12-24,1,154.97,154.97,3,Direct
31,369,Seattle  South Lake Union,4,2026-06-29,2026-07-03,4,94.91,379.64,5,Direct
32,124,Copenhagen Islands Brygge,2,2025-03-10,2025-03-11,1,149.92,149.92,5,Direct
33,112, New York Bowery,1,2025-05-24,2025-05-29,5,108.31,541.55,4,Corporate
34,267,Paris Gare De Lyon,2,2026-02-28,2026-03-03,3,156.05,468.15,4,Direct
35,330, Amsterdam Amstel ,4,2026-06-22,2026-06-25,3,101.01,303.03,4,Direct
36,363,new york bowery,2,2026-04-20,2026-04-21,1,178.91,178.91,4,Corporate
37,190,london bankside,1,2025-07-15,2025-07-16,1,127.47,127.47,4,OTA
38,107,new york bowery,3,2025-11-07,2025-11-08,1,184.47,184.47,5,OTA
39,283,Copenhagen Islands Brygge,3,2025-10-17,2025-10-21,4,219.14,876.56,4,Direct
40,105,seattle south lake union,3,2025-11-17,2025-11-21,4,235.42,941.68,5,OTA
41,79,copenhagen islands brygge,2,2025-12-04,2025-12-06,2,171.43,342.86,4,Direct
42,87,seattle south lake union,3,2025-06-23,2025-06-25,2,207.02,414.04,3,Direct
43,25,London  Bankside,1,2026-02-27,2026-03-01,2,108.19,216.38,5,Direct
44,250,Seattle  South Lake Union,1,2025-01-07,2025-01-12,5,98.62,493.1,5,Corporate
45,55,Copenhagen Islands Brygge,1,2026-06-21,2026-06-23,2,125.12,250.24,4,Direct
46,290,copenhagen islands brygge,2,2025-08-20,2025-08-23,3,172.24,516.72,5,Direct
47,327,Seattle South Lake Union,1,2025-06-25,2025-06-26,1,117.02,117.02,4,Direct
48,24,seattle south lake union,1,2025-10-15,2025-10-20,5,99.53,497.65,,OTA
49,154,Copenhagen Islands Brygge,2,2025-09-04,2025-09-09,5,146.74,733.7,4,OTA
50,382,London  Bankside,3,2025-02-24,2025-02-25,1,233.5,233.5,2,Corporate
51,252,boston north station,2,2025-12-31,2026-01-05,5,149.11,745.55,2,OTA
52,38, New York Bowery,1,2025-10-02,2025-10-04,2,132.28,264.56,2,Direct
53,185,boston north station,3,2025-04-15,2025-04-17,2,202.68,405.36,3,Direct
54,307,London  Bankside,3,2026-01-30,2026-01-31,1,199.42,199.42,3,OTA
55,195,Paris Gare De Lyon,2,2025-05-23,2025-05-26,3,152.52,457.56,2,Corporate
56,129,london bankside,2,2026-05-23,2026-05-28,5,150.56,752.8,5,Corporate
57,226,copenhagen islands brygge,3,2026-03-17,2026-03-24,7,219.32,1535.24,5,OTA
58,164,paris gare de lyon,3,2026-05-18,2026-05-23,5,194.74,973.7,2,OTA
59,394,Paris Gare De Lyon,1,2026-04-18,2026-04-24,6,132.88,797.28,4,Direct
60,156,Paris Gare De Lyon,2,2025-09-16,2025-09-22,6,148.63,891.78,5,Direct
61,185,Copenhagen Islands Brygge,1,2025-04-22,2025-04-29,7,127.08,889.56,5,Direct
62,55,rotterdam,1,2025-04-11,2025-04-14,3,130.66,391.98,3,Direct
63,13,paris gare de lyon,4,2025-04-18,2025-04-21,3,122.05,366.15,4,Corporate
64,248, New York Bowery,3,2026-05-03,2026-05-04,1,222.78,222.78,,Direct
65,56,ROTTERDAM ,2,2025-09-07,2025-09-12,5,134.0,670.0,5,Direct
66,337,Paris Gare De Lyon,4,2026-02-10,2026-02-11,1,119.06,119.06,2,OTA
67,53,London  Bankside,2,2026-01-10,2026-01-13,3,131.44,394.32,5,Corporate
68,179,Copenhagen Islands Brygge,3,2026-04-14,2026-04-19,5,221.02,1105.1,4,Corporate
69,94,Boston North Station,3,2025-05-25,2025-05-30,5,215.19,1075.95,2,OTA
70,86,Paris Gare De Lyon,4,2025-10-23,2025-10-25,2,117.5,235.0,4,Direct
71,210,copenhagen islands brygge,4,2026-03-02,2026-03-08,6,104.07,624.42,5,OTA
72,276,Boston North Station,3,2025-06-22,2025-06-29,7,226.23,1583.61,3,OTA
73,388,ROTTERDAM ,1,2026-03-28,2026-04-02,5,116.64,583.2,3,Direct
74,225,Rotterdam,1,2025-08-31,2025-09-02,2,123.73,247.46,2,OTA
75,292,New York Bowery,3,2026-06-30,2026-07-03,3,182.83,548.49,5,Corporate
76,385,London Bankside,4,2025-03-02,2025-03-05,3,90.32,270.96,3,Corporate
77,73,copenhagen islands brygge,3,2026-03-01,2026-03-05,4,218.0,872.0,4,Corporate
78,250,rotterdam,3,2025-01-03,2025-01-10,7,225.49,1578.43,5,Corporate
79,220,Copenhagen Islands Brygge,2,2026-05-22,2026-05-25,3,140.87,422.61,4,Direct
80,51,Amsterdam Amstel,4,2025-01-17,2025-01-18,1,91.5,91.5,2,OTA
81,141,Boston North Station,1,2026-01-05,2026-01-08,3,127.07,381.21,5,Corporate
82,336,new york bowery,1,2025-04-08,2025-04-09,1,101.5,101.5,3,Direct
82,336,new york bowery,1,2025-04-08,2025-04-09,1,101.5,101.5,3,Direct
83,217,Rotterdam,2,2026-05-05,2026-05-06,1,130.07,130.07,4,Corporate
84,347,Paris Gare De Lyon,2,2025-03-12,2025-03-17,5,159.03,795.15,4,OTA
85,45,Seattle South Lake Union,1,2025-05-24,2025-05-31,7,129.93,909.51,2,OTA
86,284,London Bankside,3,2025-01-28,2025-02-04,7,236.31,1654.17,3,Direct
87,254,amsterdam amstel,4,2025-04-26,2025-04-28,2,108.07,216.14,5,Corporate
88,280,copenhagen islands brygge,2,2026-04-28,2026-05-05,7,157.76,552.16,5,Direct
89,360,copenhagen islands brygge,4,2025-03-26,2025-04-01,6,108.91,653.46,5,OTA
90,168,Paris Gare De Lyon,4,2025-03-09,2025-03-12,3,113.24,339.72,5,Direct
91,342, Amsterdam Amstel ,2,2025-05-03,2025-05-04,1,164.1,164.1,4,Corporate
92,400,Paris Gare De Lyon,3,2025-05-01,2025-05-08,7,195.43,1368.01,3,OTA
93,262,seattle south lake union,3,2025-02-26,2025-03-02,4,182.72,730.88,4,Direct
94,7,Amsterdam Amstel,2,2025-02-17,2025-02-21,4,176.26,705.04,5,Direct
95,369,new york bowery,3,2025-10-05,2025-10-12,7,198.28,1387.96,5,OTA
96,239,Copenhagen Islands Brygge,3,2025-11-15,2025-11-18,3,204.63,613.89,5,Corporate
97,189,new york bowery,4,2025-07-20,2025-07-26,6,114.4,686.4,5,Direct
98,356,ROTTERDAM ,1,2025-12-10,2025-12-11,1,114.51,114.51,5,OTA
99,31,copenhagen islands brygge,2,2025-10-14,2025-10-15,1,137.97,137.97,2,Corporate
100,49,London  Bankside,2,2026-02-08,2026-02-09,1,128.56,128.56,4,Corporate
101,163,copenhagen islands brygge,4,2025-10-06,2025-10-08,2,93.2,186.4,4,OTA
102,62,rotterdam,3,2025-08-01,2025-08-05,4,190.13,760.52,4,Corporate
103,168,amsterdam amstel,2,2025-04-04,2025-04-10,6,144.88,869.28,5,OTA
104,285,copenhagen islands brygge,2,2025-04-07,2025-04-11,4,169.24,676.96,5,OTA
105,352,copenhagen islands brygge,1,2025-09-23,2025-09-30,7,141.58,991.06,5,Direct
106,22,Rotterdam,4,2025-02-21,2025-02-23,2,101.96,203.92,,Direct
107,141,New York Bowery,3,2026-04-02,2026-04-04,2,216.91,433.82,5,OTA
108,197,london bankside,2,2026-03-06,2026-03-08,2,169.42,338.84,3,Direct
109,279,rotterdam,4,2025-12-19,2025-12-24,5,100.26,501.3,4,Direct
110,242,Boston North Station,3,2025-08-27,2025-08-29,2,219.76,439.52,5,OTA
111,89,copenhagen islands brygge,2,2025-08-31,2025-09-05,5,166.14,830.7,5,Corporate
112,97,Paris Gare De Lyon,4,2025-11-13,2025-11-15,2,88.93,177.86,,Direct
112,97,Paris Gare De Lyon,4,2025-11-13,2025-11-15,2,88.93,177.86,,Direct
113,175,New York Bowery,2,2025-11-28,2025-11-29,1,157.72,157.72,4,Corporate
114,340,ROTTERDAM ,4,2025-04-14,2025-04-17,3,90.69,272.07,2,Direct
115,288,Paris Gare De Lyon,3,2025-08-17,2025-08-23,6,183.36,1100.16,5,Direct
116,94,Copenhagen Islands Brygge,3,2025-08-15,2025-08-21,6,240.91,1445.46,4,Corporate
117,344,London  Bankside,3,2026-04-03,2026-04-04,1,188.97,188.97,5,Direct
118,215,Seattle  South Lake Union,2,2026-02-28,2026-03-04,4,144.63,578.52,5,OTA
119,232,New York Bowery,1,2025-02-04,2025-02-07,3,109.49,328.47,4,Direct
120,48,London  Bankside,3,2026-05-10,2026-05-16,6,241.35,1448.1,2,Direct
121,357,new york bowery,3,2025-10-16,2025-10-19,3,173.85,521.55,5,Corporate
121,357,new york bowery,3,2025-10-16,2025-10-19,3,173.85,521.55,5,Corporate
122,339,london bankside,4,2025-07-24,2025-07-25,1,91.99,91.99,4,Direct
123,251,copenhagen islands brygge,3,2025-04-04,2025-04-10,6,184.08,1104.48,4,Direct
124,116,seattle south lake union,3,2025-03-05,2025-03-07,2,220.56,441.12,4,Direct
125,32, New York Bowery,4,2026-06-20,2026-06-24,4,111.61,446.44,3,Direct
126,62,amsterdam amstel,4,2025-06-27,2025-06-29,2,116.22,232.44,2,Direct
127,133,Paris Gare De Lyon,3,2025-03-10,2025-03-11,1,200.14,200.14,5,Direct
128,213,Copenhagen Islands Brygge,2,2025-06-01,2025-06-06,5,167.27,836.35,4,Direct
129,136,rotterdam,4,2026-05-13,2026-05-18,5,86.92,434.6,4,Direct
130,122,ROTTERDAM ,1,2026-05-02,2026-05-05,3,98.98,296.94,5,Direct
131,69,London Bankside,3,2026-03-30,2026-04-06,7,190.47,1333.29,4,OTA
132,389,copenhagen islands brygge,3,2025-02-27,2025-03-04,5,175.06,875.3,2,OTA
133,99,amsterdam amstel,2,2025-03-01,2025-03-03,2,127.91,255.82,3,Direct
134,16,London  Bankside,2,2026-01-17,2026-01-21,4,134.97,539.88,3,OTA
135,146,Boston North Station,1,2026-01-31,2026-02-01,1,123.05,123.05,3,OTA
136,400,Copenhagen Islands Brygge,1,2026-05-01,2026-05-03,2,124.31,447.52,5,Corporate
137,236,copenhagen islands brygge,3,2025-08-12,2025-08-16,4,209.46,837.84,,Corporate
138,351,boston north station,1,2026-05-09,2026-05-10,1,110.15,110.15,5,Corporate
139,308,New York Bowery,4,2025-11-24,2025-11-30,6,86.47,518.82,5,Direct
140,176,amsterdam amstel,2,2026-05-03,2026-05-09,6,141.79,850.74,3,Direct
141,349,Boston North Station,3,2025-04-02,2025-04-04,2,226.36,452.72,4,OTA
142,28,london bankside,1,2026-04-29,2026-05-01,2,135.92,271.84,5,OTA
143,210,new york bowery,4,2025-05-27,2025-05-30,3,92.35,277.05,4,OTA
144,232,Amsterdam Amstel,3,2025-08-03,2025-08-10,7,213.67,1495.69,4,Direct
145,245,copenhagen islands brygge,4,2025-01-05,2025-01-06,1,113.27,113.27,4,OTA
146,116,amsterdam amstel,3,2025-11-16,2025-11-18,2,208.15,416.3,4,Corporate
147,267,Seattle  South Lake Union,3,2026-03-21,2026-03-27,6,196.01,1176.06,4,OTA
148,117,Copenhagen Islands Brygge,2,2025-05-15,2025-05-17,2,157.89,315.78,4,Direct
149,305,Boston North Station,1,2025-04-21,2025-04-27,6,100.2,601.2,5,OTA
150,356,Paris Gare de Lyon,1,2025-11-05,2025-11-09,4,126.98,507.92,4,Direct
151,59,london bankside,1,2026-05-25,2026-05-27,2,132.02,264.04,3,Direct
152,107,AMSTERDAM AMSTEL,4,2025-12-05,2025-12-05,0,119.96,0.0,5,Direct
153,371,London  Bankside,1,2025-09-20,2025-09-26,6,141.21,847.26,,OTA
154,347,boston north station,3,2026-03-13,2026-03-19,6,234.45,1406.7,5,OTA
155,138,Seattle  South Lake Union,1,2026-01-17,2026-01-24,7,103.06,721.42,5,Direct
156,333,seattle south lake union,2,2025-04-26,2025-04-28,2,128.36,256.72,4,OTA
157,313,Seattle South Lake Union,4,2026-01-03,2026-01-08,5,111.51,557.55,4,Direct
158,24,copenhagen islands brygge,1,2025-09-25,2025-10-01,6,128.82,772.92,3,Corporate
159,339,london bankside,2,2026-05-09,2026-05-12,3,160.76,482.28,3,OTA
160,241,Paris Gare De Lyon,4,2025-06-19,2025-06-20,1,97.68,97.68,,OTA
161,121,copenhagen islands brygge,1,2026-04-16,2026-04-20,4,117.64,470.56,5,Direct
162,207,Amsterdam Amstel,4,2025-02-06,2025-02-11,5,116.88,584.4,5,OTA
163,187,seattle south lake union,1,2025-08-17,2025-08-24,7,122.52,857.64,5,Corporate
164,389,London Bankside,2,2025-01-03,2025-01-06,3,160.33,480.99,3,Direct
165,72,paris gare de lyon,4,2025-04-20,2025-04-23,3,92.63,277.89,2,OTA
166,24,london bankside,1,2026-04-07,2026-04-11,4,139.79,559.16,,Direct
167,261,copenhagen islands brygge,2,2025-06-27,2025-07-03,6,130.86,785.16,4,Direct
168,204,new york bowery,3,2025-10-29,2025-11-02,4,180.55,722.2,3,OTA
169,108,New York Bowery,3,2025-12-20,2025-12-26,6,223.81,1342.86,4,Corporate
170,246,ROTTERDAM ,4,2025-10-20,2025-10-27,7,85.99,601.93,2,Direct
171,350,paris gare de lyon,3,2025-05-30,2025-06-06,7,229.4,1605.8,,Direct
172,332, New York Bowery,4,2025-09-01,2025-09-06,5,115.86,579.3,5,Direct
173,28,ROTTERDAM ,1,2025-09-15,2025-09-17,2,132.15,264.3,3,Corporate
174,100, New York Bowery,3,2026-04-05,2026-04-07,2,175.73,351.46,3,Direct
175,83,Boston North Station,3,2025-01-06,2025-01-09,3,240.97,722.91,4,OTA
176,294,boston north station,3,2025-03-16,2025-03-23,7,209.82,1468.74,3,OTA
177,179,Copenhagen Islands Brygge,2,2025-08-07,2025-08-13,6,145.16,870.96,3,OTA
178,343,Amsterdam Amstel,3,2026-04-02,2026-04-04,2,216.5,433.0,5,Corporate
179,132,london bankside,3,2025-01-26,2025-01-31,5,198.45,992.25,5,Corporate
180,264,new york bowery,1,2025-04-09,2025-04-11,2,131.82,263.64,4,OTA
181,106,Copenhagen Islands Brygge,4,2025-03-15,2025-03-21,6,86.4,518.4,5,Direct
182,295,Boston North Station,2,2025-09-22,2025-09-26,4,160.14,640.56,5,Direct
183,300,London  Bankside,1,2025-03-16,2025-03-19,3,102.73,308.19,5,Corporate
184,203,seattle south lake union,1,2026-05-01,2026-05-03,2,104.05,208.1,3,OTA
185,284,Rotterdam,2,2025-05-07,2025-05-06,-1,154.97,-154.97,5,Corporate
186,95,Paris Gare de Lyon,2,2025-09-16,2025-09-18,2,162.41,324.82,5,OTA
187,344,london bankside,1,2025-09-14,2025-09-15,1,123.41,123.41,4,OTA
188,163,London Bankside,4,2026-04-07,2026-04-10,3,97.12,291.36,4,Direct
189,114,Rotterdam,4,2025-10-11,2025-10-18,7,111.32,779.24,5,Corporate
190,56,Seattle  South Lake Union,2,2025-03-25,2025-04-01,7,171.05,1197.35,3,Direct
191,298,Amsterdam Amstel,4,2025-08-06,2025-08-07,1,106.15,106.15,5,OTA
192,376, New York Bowery,3,2025-05-18,2025-05-22,4,176.95,707.8,5,OTA
193,82,paris gare de lyon,2,2025-05-30,2025-06-05,6,177.32,1063.92,5,Corporate
194,266,amsterdam amstel,3,2026-02-02,2026-02-06,4,236.75,947.0,4,OTA
195,297,boston north station,2,2026-01-21,2026-01-27,6,157.77,946.62,4,Direct
196,208, New York Bowery,3,2025-12-20,2025-12-24,4,237.17,474.34,5,Direct
197,77,Boston North Station,2,2025-06-11,2025-06-14,3,170.52,511.56,2,Direct
198,108,seattle south lake union,2,2026-02-25,2026-02-26,1,132.21,132.21,4,Direct
199,86,Paris Gare de Lyon,3,2025-07-04,2025-07-09,5,215.41,1077.05,5,Corporate
200,311,new york bowery,4,2026-05-09,2026-05-11,2,101.11,202.22,4,OTA
201,306,rotterdam,1,2025-08-24,2025-08-28,4,102.83,411.32,3,OTA
202,315,paris gare de lyon,1,2026-06-29,2026-07-04,5,102.16,510.8,3,Direct
203,358,Rotterdam,4,2025-08-23,2025-08-30,7,114.71,802.97,4,Corporate
204,146,New York Bowery,4,2025-09-21,2025-09-21,0,107.46,0.0,5,OTA
205,186,rotterdam,1,2025-06-08,2025-06-12,4,109.16,436.64,2,OTA
206,212,Copenhagen Islands Brygge,4,2025-07-03,2025-07-06,3,103.88,311.64,4,Direct
207,118,London  Bankside,4,2025-06-15,2025-06-16,1,100.72,100.72,3,Direct
208,75,Amsterdam Amstel,4,2026-03-22,2026-03-23,1,93.93,93.93,5,Direct
209,397,Boston North Station,2,2026-05-22,2026-05-26,4,172.39,689.56,3,Direct
210,87, New York Bowery,1,2026-01-04,2026-01-06,2,140.64,281.28,5,Corporate
211,266,Copenhagen Islands Brygge,1,2025-03-12,2025-03-13,1,129.76,129.76,4,Corporate
212,207,new york bowery,1,2025-09-25,2025-09-27,2,102.74,205.48,5,Direct
213,356,boston north station,4,2026-01-22,2026-01-27,5,94.74,473.7,5,OTA
214,133,Seattle South Lake Union,1,2026-01-27,2026-02-02,6,107.71,646.26,4,Corporate
215,128, Amsterdam Amstel ,3,2025-04-06,2025-04-10,4,232.17,928.68,4,Corporate
216,383,Boston North Station,2,2026-05-26,2026-06-01,6,165.99,995.94,3,OTA
217,399,Rotterdam,1,2025-05-03,2025-05-04,1,127.03,127.03,3,Direct
218,295,rotterdam,3,2026-05-18,2026-05-20,2,239.35,478.7,3,OTA
219,277,copenhagen islands brygge,1,2026-05-30,2026-06-02,3,128.02,384.06,4,Direct
220,346,Amsterdam Amstel,2,2026-01-24,2026-01-29,5,145.21,726.05,4,OTA
221,95,rotterdam,4,2026-03-11,2026-03-13,2,114.08,228.16,2,OTA
222,370,New York Bowery,3,2025-08-30,2025-09-04,5,198.89,994.45,4,Direct
223,323,Seattle South Lake Union,3,2026-05-14,2026-05-17,3,235.0,705.0,4,Direct
224,323,boston north station,1,2026-04-06,2026-04-12,6,113.84,683.04,5,Direct
225,295, New York Bowery,2,2025-10-19,2025-10-22,3,153.48,460.44,5,Direct
226,75,Seattle  South Lake Union,2,2025-12-12,2025-12-16,4,156.88,627.52,4,Corporate
227,150,ROTTERDAM ,3,2026-02-09,2026-02-12,3,229.14,687.42,3,Direct
228,373,amsterdam amstel,2,2025-09-15,2025-09-21,6,129.55,777.3,4,Direct
229,269,AMSTERDAM AMSTEL,1,2025-04-17,2025-04-20,3,101.78,305.34,2,OTA
230,65,Seattle  South Lake Union,2,2026-06-24,2026-07-01,7,127.05,889.35,4,Direct
231,70,boston north station,2,2026-04-13,2026-04-19,6,173.88,1043.28,3,Corporate
232,227,New York Bowery,3,2026-01-10,2026-01-14,4,193.05,386.1,4,OTA
232,227,New York Bowery,3,2026-01-10,2026-01-14,4,193.05,386.1,4,OTA
233,154,seattle south lake union,1,2026-03-17,2026-03-24,7,108.18,1363.07,3,OTA
234,367,New York Bowery,4,2026-01-23,2026-01-25,2,101.55,203.1,5,OTA
235,36,Copenhagen Islands Brygge,2,2025-05-20,2025-05-23,3,150.42,451.26,5,Direct
236,53,amsterdam amstel,3,2025-10-03,2025-10-05,2,225.07,450.14,,OTA
237,191,boston north station,4,2025-02-02,2025-02-05,3,114.02,342.06,5,Direct
238,129,Paris Gare de Lyon,4,2025-01-13,2025-01-14,1,112.66,112.66,5,Direct
239,341,London  Bankside,2,2026-04-30,2026-05-04,4,142.45,569.8,5,OTA
240,327,boston north station,3,2025-07-23,2025-07-26,3,235.39,706.17,4,Direct
241,300,paris gare de lyon,1,2026-02-10,2026-02-17,7,140.34,982.38,5,OTA
242,81,London Bankside,4,2025-04-04,2025-04-10,6,120.87,725.22,,OTA
243,250,London Bankside,2,2025-11-21,2025-11-26,5,167.17,835.85,5,Direct
244,69,ROTTERDAM ,3,2025-02-10,2025-02-14,4,212.36,849.44,5,OTA
245,240,ROTTERDAM ,3,2025-06-14,2025-06-15,1,204.07,204.07,3,Direct
246,10,Copenhagen Islands Brygge,3,2025-09-02,2025-09-05,3,219.87,659.61,2,Direct
247,145,Paris Gare De Lyon,3,2026-02-24,2026-03-02,6,177.38,1064.28,5,OTA
248,55,amsterdam amstel,4,2025-07-16,2025-07-17,1,109.89,109.89,5,OTA
249,311,Rotterdam,1,2025-01-14,2025-01-16,2,138.58,277.16,5,Direct
250,363,copenhagen islands brygge,1,2025-09-30,2025-10-05,5,101.17,505.85,3,Direct
251,198, New York Bowery,2,2025-07-17,2025-07-22,5,156.79,783.95,3,Direct
252,235,ROTTERDAM ,4,2025-04-17,2025-04-19,2,106.4,212.8,4,OTA
253,282,rotterdam,3,2026-01-16,2026-01-20,4,202.65,810.6,3,OTA
254,232,boston north station,4,2026-02-11,2026-02-12,1,122.85,122.85,3,Corporate
254,232,boston north station,4,2026-02-11,2026-02-12,1,122.85,122.85,3,Corporate
255,162,New York Bowery,1,2025-10-10,2025-10-15,5,122.98,614.9,,Corporate
256,299,boston north station,2,2025-08-27,2025-08-30,3,130.21,390.63,3,Corporate
257,354,paris gare de lyon,1,2025-11-04,2025-11-05,1,123.23,123.23,5,Corporate
258,62,copenhagen islands brygge,2,2025-01-12,2025-01-18,6,146.37,878.22,5,OTA
259,26,New York Bowery,4,2026-04-02,2026-04-09,7,104.68,732.76,5,OTA
260,293,london bankside,1,2026-02-13,2026-02-16,3,119.98,359.94,4,Direct
261,334,seattle south lake union,2,2026-06-21,2026-06-23,2,139.9,279.8,4,Direct
262,165,Rotterdam,3,2025-01-25,2025-02-01,7,244.77,1713.39,5,Direct
263,351,New York Bowery,3,2025-06-09,2025-06-16,7,176.59,1236.13,3,OTA
264,176,Boston North Station,1,2025-11-09,2025-11-13,4,112.57,450.28,3,OTA
265,374,Seattle  South Lake Union,2,2025-01-19,2025-01-23,4,161.99,647.96,4,OTA
266,239,Boston North Station,1,2025-03-10,2025-03-14,4,127.01,508.04,4,Direct
267,195,Copenhagen Islands Brygge,1,2025-11-20,2025-11-24,4,121.28,485.12,3,OTA
268,127,Amsterdam Amstel,3,2025-12-08,2025-12-12,4,181.97,727.88,4,Corporate
269,321,Boston North Station,3,2026-02-01,2026-02-08,7,241.48,1690.36,3,Direct
270,196,London  Bankside,2,2026-03-04,2026-03-06,2,148.81,297.62,4,OTA
271,278,Paris Gare De Lyon,2,2025-05-22,2025-05-25,3,175.06,525.18,2,OTA
272,35,paris gare de lyon,1,2025-07-08,2025-07-11,3,104.44,313.32,4,Direct
273,382,boston north station,3,2025-06-05,2025-06-12,7,180.04,1260.28,5,OTA
274,352,New York Bowery,1,2026-01-03,2026-01-04,1,118.88,118.88,5,Corporate
275,243,copenhagen islands brygge,2,2025-06-17,2025-06-19,2,147.82,295.64,5,OTA
276,34,New York Bowery,2,2026-03-26,2026-04-02,7,163.35,1143.45,3,Direct
277,202,copenhagen islands brygge,1,2026-06-18,2026-06-19,1,134.16,134.16,3,Direct
278,265,AMSTERDAM AMSTEL,1,2025-07-14,2025-07-17,3,136.66,409.98,5,Direct
279,238,amsterdam amstel,4,2025-04-03,2025-04-09,6,92.33,553.98,3,Direct
280,233,amsterdam amstel,2,2026-04-11,2026-04-12,1,163.56,163.56,4,Direct
281,186,Seattle  South Lake Union,1,2026-06-21,2026-06-27,6,132.59,795.54,4,Direct
282,290,paris gare de lyon,2,2025-06-16,2025-06-23,7,167.87,1175.09,5,Direct
283,68,Paris Gare de Lyon,2,2025-01-04,2025-01-09,5,125.78,628.9,5,Direct
284,112,Seattle South Lake Union,4,2026-04-10,2026-04-14,4,108.35,780.12,3,OTA
285,335,Paris Gare de Lyon,3,2025-02-07,2025-02-09,2,220.52,441.04,5,Direct
286,83,Copenhagen Islands Brygge,3,2025-07-01,2025-07-05,4,197.33,789.32,5,Direct
287,150,Copenhagen Islands Brygge,4,2025-05-18,2025-05-19,1,95.93,95.93,3,OTA
288,374,London  Bankside,1,2026-05-11,2026-05-17,6,138.82,832.92,5,Corporate
289,315,Rotterdam,4,2026-06-17,2026-06-23,6,104.22,625.32,3,OTA
289,315,Rotterdam,4,2026-06-17,2026-06-23,6,104.22,625.32,3,OTA
290,321,AMSTERDAM AMSTEL,1,2025-08-01,2025-08-08,7,116.18,813.26,4,OTA
290,321,AMSTERDAM AMSTEL,1,2025-08-01,2025-08-08,7,116.18,813.26,4,OTA
291,145, New York Bowery,3,2025-03-11,2025-03-14,3,211.68,635.04,4,Corporate
292,100,amsterdam amstel,3,2025-12-13,2025-12-19,6,205.97,1235.82,4,Direct
293,212,rotterdam,1,2026-06-18,2026-06-21,3,127.67,383.01,5,Corporate
294,77,Rotterdam,3,2025-02-01,2025-02-04,3,217.46,652.38,2,Direct
295,364,boston north station,1,2025-10-06,2025-10-10,4,136.34,545.36,5,Corporate
296,399,Rotterdam,2,2025-04-05,2025-04-09,4,169.53,678.12,4,Direct
297,74,boston north station,1,2026-06-13,2026-06-19,6,107.05,642.3,2,OTA
298,352,Boston North Station,1,2025-12-08,2025-12-12,4,102.6,410.4,,Corporate
299,103,new york bowery,2,2025-10-21,2025-10-24,3,168.07,504.21,5,Corporate
300,278,London Bankside,3,2025-11-23,2025-11-26,3,223.35,670.05,3,Corporate
301,228,ROTTERDAM ,1,2025-05-14,2025-05-15,1,127.55,127.55,5,Direct
302,183,Seattle  South Lake Union,3,2025-12-07,2025-12-14,7,227.44,1592.08,4,Direct
303,240,London  Bankside,1,2026-04-12,2026-04-15,3,129.07,387.21,3,OTA
304,201,boston north station,2,2025-12-05,2025-12-12,7,143.16,1002.12,4,Corporate
305,394,paris gare de lyon,3,2025-05-11,2025-05-16,5,231.91,1159.55,4,Direct
306,303,seattle south lake union,4,2025-09-02,2025-09-07,5,91.54,457.7,4,OTA
307,279,copenhagen islands brygge,2,2025-06-27,2025-07-03,6,166.21,997.26,5,OTA
308,91,london bankside,3,2026-02-20,2026-02-21,1,221.92,221.92,2,Direct
309,387,Paris Gare De Lyon,1,2025-05-31,2025-06-06,6,121.26,727.56,5,Corporate
310,368,boston north station,3,2025-04-02,2025-04-01,-1,234.18,-234.18,5,OTA
311,57, Amsterdam Amstel ,3,2025-02-01,2025-02-03,2,214.72,429.44,2,Direct
312,72,paris gare de lyon,2,2026-01-29,2026-02-05,7,171.8,1202.6,4,Direct
313,250,Paris Gare De Lyon,4,2025-05-20,2025-05-21,1,116.13,116.13,2,Direct
314,182,seattle south lake union,2,2025-07-10,2025-07-14,4,157.23,628.92,3,Corporate
315,20,Rotterdam,4,2026-01-13,2026-01-14,1,122.05,122.05,3,Corporate
316,313,London  Bankside,1,2025-09-09,2025-09-13,4,127.04,508.16,3,Corporate
317,399,ROTTERDAM ,1,2026-04-26,2026-04-30,4,118.56,474.24,2,Corporate
318,373, Amsterdam Amstel ,3,2025-03-04,2025-03-10,6,182.88,1097.28,5,OTA
319,65,Seattle South Lake Union,1,2025-10-12,2025-10-15,3,110.35,331.05,5,OTA
320,229,Paris Gare De Lyon,3,2025-06-29,2025-07-02,3,187.96,563.88,3,Corporate
321,79,Paris Gare De Lyon,4,2026-02-27,2026-03-06,7,110.61,774.27,4,Corporate
322,27,Boston North Station,2,2026-04-21,2026-04-25,4,151.58,606.32,3,Direct
323,223,Paris Gare De Lyon,1,2025-10-23,2025-10-30,7,127.68,893.76,5,OTA
324,172,copenhagen islands brygge,3,2025-10-01,2025-10-08,7,219.57,1536.99,3,OTA
325,354,ROTTERDAM ,2,2025-11-17,2025-11-22,5,125.57,627.85,2,Direct
326,372,Rotterdam,3,2025-09-15,2025-09-17,2,216.93,433.86,3,Direct
327,310,London Bankside,2,2026-01-20,2026-01-26,6,161.12,966.72,4,OTA
328,39,Seattle  South Lake Union,4,2025-10-11,2025-10-18,7,119.83,838.81,4,Direct
329,199,AMSTERDAM AMSTEL,3,2025-03-03,2025-03-06,3,190.11,570.33,5,OTA
330,252,Paris Gare De Lyon,1,2025-05-28,2025-06-02,5,107.62,538.1,5,Direct
331,373,London  Bankside,3,2026-04-02,2026-04-03,1,181.35,181.35,5,Corporate
332,295,rotterdam,1,2026-06-12,2026-06-18,6,119.49,716.94,4,Direct
333,291,Seattle South Lake Union,3,2025-12-08,2025-12-14,6,174.27,1045.62,4,Corporate
334,332,seattle south lake union,2,2025-06-30,2025-07-05,5,146.46,732.3,2,Corporate
335,98,Seattle  South Lake Union,2,2025-02-06,2025-02-08,2,180.5,361.0,2,OTA
336,231,Seattle  South Lake Union,1,2025-02-07,2025-02-10,3,132.45,397.35,4,OTA
337,297,Paris Gare De Lyon,2,2025-03-15,2025-03-16,1,152.28,152.28,5,OTA
337,297,Paris Gare De Lyon,2,2025-03-15,2025-03-16,1,152.28,152.28,5,OTA
338,50, Amsterdam Amstel ,4,2025-06-24,2025-07-01,7,116.58,816.06,5,OTA
339,173,new york bowery,4,2025-11-29,2025-11-30,1,107.39,107.39,3,OTA
340,141,London Bankside,2,2026-03-02,2026-03-04,2,155.87,311.74,5,OTA
341,250,Paris Gare de Lyon,1,2025-01-07,2025-01-08,1,101.99,101.99,5,Direct
342,328,New York Bowery,3,2026-06-20,2026-06-24,4,241.02,964.08,5,Direct
343,155,London  Bankside,3,2026-03-05,2026-03-06,1,184.61,184.61,4,OTA
344,338,Seattle  South Lake Union,2,2025-10-11,2025-10-12,1,169.39,169.39,5,OTA
345,331,Amsterdam Amstel,3,2025-10-19,2025-10-21,2,195.37,390.74,,Direct
346,15,Paris Gare de Lyon,4,2026-06-12,2026-06-13,1,94.44,94.44,4,Corporate
347,117,london bankside,1,2025-08-31,2025-09-06,6,106.82,640.92,4,Direct
348,111,Copenhagen Islands Brygge,4,2025-07-02,2025-07-06,4,102.89,411.56,4,OTA
349,144,Amsterdam Amstel,2,2025-04-24,2025-05-01,7,148.35,1038.45,3,OTA
350,284,Paris Gare De Lyon,2,2025-03-30,2025-04-03,4,152.3,609.2,5,Corporate
350,284,Paris Gare De Lyon,2,2025-03-30,2025-04-03,4,152.3,609.2,5,Corporate
351,127,Copenhagen Islands Brygge,3,2026-03-21,2026-03-26,5,240.22,1201.1,5,Direct
352,394,Seattle  South Lake Union,1,2026-03-12,2026-03-17,5,133.4,667.0,4,OTA
353,112,AMSTERDAM AMSTEL,2,2026-01-03,2026-01-06,3,180.64,541.92,5,Direct
354,238,AMSTERDAM AMSTEL,2,2026-02-20,2026-02-22,2,145.7,291.4,5,Direct
355,17,ROTTERDAM ,3,2026-03-13,2026-03-20,7,241.62,1691.34,3,Direct
356,29,ROTTERDAM ,3,2025-02-22,2025-02-23,1,205.28,205.28,4,OTA
357,172,New York Bowery,2,2025-04-27,2025-05-03,6,177.32,1063.92,3,OTA
358,142,boston north station,1,2025-03-06,2025-03-09,3,119.3,357.9,4,OTA
359,318,boston north station,3,2025-03-09,2025-03-11,2,204.72,409.44,4,Direct
360,357,Boston North Station,2,2026-05-24,2026-05-26,2,154.05,308.1,5,OTA
361,216,seattle south lake union,4,2025-01-22,2025-01-25,3,86.34,259.02,3,Direct
362,304,rotterdam,4,2026-04-14,2026-04-17,3,119.63,358.89,5,Corporate
363,181,amsterdam amstel,3,2026-04-12,2026-04-14,2,182.26,364.52,4,OTA
364,163,London Bankside,2,2026-03-28,2026-03-31,3,136.51,409.53,4,OTA
365,155,Paris Gare De Lyon,1,2025-01-26,2025-01-30,4,131.61,526.44,4,OTA
366,362,ROTTERDAM ,3,2026-05-01,2026-05-04,3,227.11,681.33,4,Direct
367,246,London  Bankside,1,2025-05-23,2025-05-29,6,111.53,669.18,3,Direct
368,270, New York Bowery,2,2025-10-12,2025-10-14,2,155.04,310.08,4,Direct
369,310,ROTTERDAM ,1,2026-01-05,2026-01-09,4,135.33,541.32,,Corporate
370,45,Seattle  South Lake Union,2,2026-03-31,2026-04-06,6,169.78,1018.68,2,Direct
371,107,London Bankside,3,2026-05-02,2026-05-09,7,195.46,1368.22,2,Direct
372,90,boston north station,4,2025-05-21,2025-05-23,2,100.01,200.02,5,Corporate
373,287,boston north station,4,2025-08-18,2025-08-19,1,91.35,91.35,5,Corporate
374,331,Seattle  South Lake Union,2,2025-01-30,2025-01-31,1,152.51,152.51,4,OTA
375,356,boston north station,1,2026-01-18,2026-01-23,5,98.86,494.3,5,Direct
376,84,paris gare de lyon,1,2025-10-07,2025-10-10,3,137.87,413.61,5,Direct
377,307,Paris Gare de Lyon,2,2025-11-27,2025-12-04,7,172.08,1204.56,5,Corporate
378,7,Rotterdam,2,2026-06-15,2026-06-18,3,152.06,456.18,4,OTA
379,315, New York Bowery,1,2026-03-04,2026-03-08,4,103.18,412.72,5,Corporate
380,306,paris gare de lyon,3,2025-06-26,2025-07-02,6,226.38,1358.28,4,OTA
381,108,Boston North Station,2,2025-03-22,2025-03-26,4,168.69,674.76,5,Direct
382,241,Amsterdam Amstel,1,2025-09-17,2025-09-18,1,127.21,127.21,4,OTA
383,344,New York Bowery,3,2025-01-30,2025-01-31,1,226.51,226.51,4,OTA
384,292, New York Bowery,1,2025-04-12,2025-04-19,7,98.71,690.97,3,OTA
385,110,Amsterdam Amstel,4,2026-01-11,2026-01-17,6,102.21,613.26,4,Direct
386,58,new york bowery,3,2025-05-07,2025-05-11,4,180.37,721.48,5,Direct
387,198,Seattle South Lake Union,3,2026-04-13,2026-04-18,5,222.04,1110.2,3,Corporate
388,36,Copenhagen Islands Brygge,4,2026-01-12,2026-01-14,2,111.12,222.24,2,Direct
389,356,copenhagen islands brygge,1,2025-06-22,2025-06-23,1,106.78,106.78,2,Direct
390,388,boston north station,4,2025-12-31,2026-01-04,4,121.61,486.44,3,Direct
391,255,boston north station,2,2025-05-18,2025-05-19,1,128.04,128.04,5,Direct
392,156,Rotterdam,1,2025-03-20,2025-03-26,6,131.57,789.42,3,Direct
393,277,boston north station,1,2025-02-02,2025-02-06,4,103.29,413.16,2,Direct
394,252,Boston North Station,4,2025-05-18,2025-05-21,3,104.02,312.06,5,OTA
395,81,Seattle  South Lake Union,1,2026-02-05,2026-02-08,3,140.43,421.29,4,Corporate
396,66,Amsterdam Amstel,3,2025-12-24,2025-12-31,7,172.13,1204.91,4,Direct
397,180,rotterdam,1,2025-09-08,2025-09-10,2,111.71,223.42,4,Direct
398,20, Amsterdam Amstel ,4,2026-03-09,2026-03-14,5,101.5,507.5,5,Corporate
399,294,copenhagen islands brygge,1,2026-05-16,2026-05-17,1,107.08,107.08,4,Corporate
400,255,Copenhagen Islands Brygge,1,2025-08-08,2025-08-11,3,111.06,333.18,3,Direct
401,173,London  Bankside,3,2025-03-10,2025-03-15,5,206.03,1030.15,4,Corporate
402,340,boston north station,3,2025-07-24,2025-07-28,4,217.35,869.4,3,Direct
403,256,Paris Gare De Lyon,2,2026-04-24,2026-04-27,3,154.72,464.16,2,Direct
404,76,rotterdam,2,2025-06-04,2025-06-10,6,141.8,850.8,4,Direct
405,147,copenhagen islands brygge,2,2025-09-20,2025-09-26,6,147.67,886.02,,Corporate
406,332,copenhagen islands brygge,1,2025-07-26,2025-07-28,2,99.37,198.74,5,OTA
407,11,AMSTERDAM AMSTEL,1,2025-03-27,2025-03-30,3,135.91,407.73,2,Direct
408,58,Paris Gare de Lyon,1,2026-06-19,2026-06-25,6,139.51,837.06,5,Direct
409,169,london bankside,4,2025-08-30,2025-09-03,4,89.56,358.24,5,Corporate
410,274,AMSTERDAM AMSTEL,3,2025-04-26,2025-04-29,3,206.0,618.0,5,OTA
411,11,rotterdam,1,2025-02-25,2025-03-03,6,127.38,764.28,2,Corporate
412,122,London  Bankside,4,2026-02-02,2026-02-03,1,100.43,100.43,5,OTA
413,324,paris gare de lyon,3,2026-02-21,2026-02-28,7,235.6,1649.2,5,Direct
414,217,ROTTERDAM ,1,2025-06-14,2025-06-20,6,100.99,605.94,3,Direct
415,323,amsterdam amstel,4,2025-05-20,2025-05-21,1,109.38,109.38,4,OTA
416,352,Paris Gare De Lyon,4,2025-11-24,2025-11-28,4,113.44,453.76,4,OTA
417,202,Rotterdam,4,2025-08-18,2025-08-19,1,120.58,120.58,3,Direct
418,206,Paris Gare de Lyon,4,2025-09-24,2025-09-26,2,99.48,198.96,,OTA
419,254,Seattle  South Lake Union,1,2025-08-18,2025-08-24,6,139.35,836.1,5,Direct
420,308,Copenhagen Islands Brygge,2,2025-10-17,2025-10-23,6,148.36,890.16,,Corporate
421,190,Seattle South Lake Union,4,2025-03-29,2025-03-30,1,118.61,118.61,2,Direct
422,49,Boston North Station,1,2025-02-23,2025-02-26,3,118.63,355.89,,OTA
423,344,boston north station,3,2025-05-16,2025-05-21,5,183.66,918.3,5,Direct
424,272,ROTTERDAM ,4,2025-05-26,2025-05-29,3,87.18,261.54,5,Direct
425,265,boston north station,3,2026-03-23,2026-03-25,2,245.29,490.58,4,Direct
426,118,Paris Gare de Lyon,2,2025-02-06,2025-02-10,4,164.35,657.4,,Corporate
427,253,seattle south lake union,1,2025-06-01,2025-06-02,1,106.98,106.98,4,Corporate
428,3, New York Bowery,2,2026-03-03,2026-03-04,1,152.79,152.79,,Direct
429,79,london bankside,1,2025-03-25,2025-03-29,4,126.86,507.44,5,Direct
430,167,AMSTERDAM AMSTEL,2,2025-08-05,2025-08-12,7,160.89,1126.23,5,OTA
431,205,Copenhagen Islands Brygge,3,2025-07-02,2025-07-04,2,235.53,471.06,3,Direct
432,153,Paris Gare de Lyon,4,2026-03-19,2026-03-25,6,97.28,583.68,4,Direct
433,229,new york bowery,4,2026-05-03,2026-05-06,3,101.58,304.74,4,Direct
434,263,London Bankside,3,2026-04-20,2026-04-26,6,221.98,1331.88,5,OTA
435,41,seattle south lake union,4,2025-11-04,2025-11-06,2,111.5,223.0,3,Corporate
436,263,London Bankside,1,2026-06-07,2026-06-11,4,118.36,473.44,5,OTA
437,380,Amsterdam Amstel,4,2025-07-03,2025-07-10,7,100.43,703.01,5,Direct
438,136,Seattle  South Lake Union,3,2025-07-11,2025-07-13,2,226.58,453.16,4,Direct
438,136,Seattle  South Lake Union,3,2025-07-11,2025-07-13,2,226.58,453.16,4,Direct
439,88,London Bankside,4,2026-04-17,2026-04-23,6,110.49,662.94,5,OTA
440,45,copenhagen islands brygge,2,2025-05-19,2025-05-20,1,170.47,170.47,3,OTA
441,124,Paris Gare De Lyon,4,2025-07-15,2025-07-16,1,103.11,103.11,5,OTA
442,242,seattle south lake union,1,2026-04-06,2026-04-11,5,110.95,554.75,,Direct
443,254,copenhagen islands brygge,3,2025-02-07,2025-02-11,4,208.91,835.64,5,Direct
444,284,copenhagen islands brygge,1,2025-10-02,2025-10-08,6,118.74,712.44,4,Direct
445,241,Boston North Station,3,2026-03-25,2026-03-27,2,214.53,429.06,5,Corporate
446,345,copenhagen islands brygge,3,2026-04-29,2026-05-06,7,182.35,1276.45,4,OTA
447,252,Paris Gare De Lyon,1,2026-03-02,2026-03-06,4,107.23,428.92,5,Corporate
448,258,Paris Gare de Lyon,1,2025-03-07,2025-03-10,3,125.03,375.09,3,Corporate
449,78, Amsterdam Amstel ,1,2025-02-21,2025-02-25,4,140.07,560.28,4,OTA
450,22,London  Bankside,1,2025-06-21,2025-06-27,6,107.05,642.3,5,OTA
451,332,London Bankside,3,2025-12-09,2025-12-16,7,234.25,1639.75,2,Direct
452,147,seattle south lake union,2,2025-03-29,2025-04-01,3,167.07,501.21,3,OTA
453,220,New York Bowery,4,2026-02-24,2026-02-28,4,105.11,420.44,5,Direct
454,174,London Bankside,3,2026-02-16,2026-02-23,7,174.75,1223.25,4,Direct
455,206,boston north station,3,2025-11-18,2025-11-17,-1,238.16,-238.16,4,Direct
456,177,Seattle  South Lake Union,4,2025-07-22,2025-07-25,3,105.92,317.76,4,OTA
457,283,London  Bankside,3,2026-06-18,2026-06-21,3,182.2,546.6,3,OTA
458,259,boston north station,1,2025-03-03,2025-03-10,7,125.44,878.08,5,Direct
459,174,AMSTERDAM AMSTEL,2,2025-08-28,2025-08-31,3,162.18,486.54,4,OTA
460,265,london bankside,2,2026-01-05,2026-01-09,4,164.67,658.68,4,Direct
461,229,Seattle South Lake Union,1,2026-01-14,2026-01-20,6,123.75,742.5,2,OTA
462,353,copenhagen islands brygge,4,2026-03-03,2026-03-10,7,104.72,733.04,5,OTA
463,109,London  Bankside,4,2026-04-30,2026-05-01,1,121.37,121.37,4,Direct
464,149,ROTTERDAM ,1,2026-06-20,2026-06-22,2,111.39,222.78,5,OTA
465,157,Copenhagen Islands Brygge,3,2025-08-09,2025-08-11,2,207.05,414.1,4,Direct
466,173,boston north station,4,2026-05-02,2026-05-09,7,108.52,759.64,3,Direct
467,167,Paris Gare De Lyon,1,2026-02-24,2026-02-28,4,115.34,461.36,5,Direct
468,288, Amsterdam Amstel ,1,2025-03-29,2025-03-31,2,121.72,243.44,3,Direct
469,338,Amsterdam Amstel,2,2025-01-20,2025-01-23,3,138.74,416.22,5,OTA
470,252,Copenhagen Islands Brygge,1,2025-12-15,2025-12-19,4,99.15,396.6,2,Direct
471,74,paris gare de lyon,2,2025-09-19,2025-09-26,7,142.16,995.12,,Corporate
472,200, Amsterdam Amstel ,1,2025-11-24,2025-11-26,2,112.24,224.48,,OTA
473,261,new york bowery,4,2025-04-28,2025-05-01,3,103.16,309.48,,OTA
474,284, Amsterdam Amstel ,1,2025-09-10,2025-09-17,7,132.34,926.38,2,OTA
475,277,paris gare de lyon,2,2025-09-09,2025-09-14,5,178.55,892.75,,Direct
476,1,Boston North Station,1,2026-05-09,2026-05-12,3,134.7,404.1,4,OTA
477,83,Boston North Station,1,2025-11-04,2025-11-05,1,103.46,103.46,3,Direct
478,176,ROTTERDAM ,3,2026-04-09,2026-04-12,3,244.42,733.26,5,Corporate
479,2,Paris Gare De Lyon,4,2025-01-05,2025-01-06,1,101.2,101.2,5,OTA
480,16,London  Bankside,4,2025-05-07,2025-05-10,3,99.8,299.4,2,Direct
481,228,Rotterdam,1,2025-08-15,2025-08-21,6,110.36,662.16,4,OTA
482,253,New York Bowery,3,2025-02-07,2025-02-10,3,223.33,669.99,5,Direct
483,88,boston north station,2,2025-06-29,2025-06-30,1,166.58,166.58,3,Corporate
484,349, Amsterdam Amstel ,4,2025-01-03,2025-01-07,4,121.34,485.36,4,Direct
485,186,seattle south lake union,1,2025-08-18,2025-08-19,1,116.41,116.41,5,Corporate
486,354,amsterdam amstel,4,2025-03-18,2025-03-20,2,98.01,196.02,,Direct
487,127,rotterdam,1,2026-04-30,2026-05-02,2,134.4,268.8,3,Direct
488,321,Seattle South Lake Union,4,2025-05-08,2025-05-09,1,120.34,120.34,4,Direct
489,155,Seattle South Lake Union,4,2025-03-09,2025-03-10,1,106.75,106.75,2,OTA
490,338, New York Bowery,1,2026-04-10,2026-04-14,4,116.77,467.08,4,Direct
491,99,ROTTERDAM ,1,2025-04-16,2025-04-17,1,101.04,101.04,3,OTA
492,216,boston north station,4,2026-04-01,2026-04-03,2,115.79,231.58,5,OTA
493,299,rotterdam,2,2025-05-31,2025-06-04,4,144.17,576.68,5,OTA
494,177,AMSTERDAM AMSTEL,2,2025-07-25,2025-07-31,6,168.76,1012.56,5,Direct
495,290,ROTTERDAM ,3,2025-11-03,2025-11-07,4,178.03,712.12,5,Direct
496,320,new york bowery,2,2025-09-02,2025-09-06,4,178.06,712.24,2,OTA
497,6, Amsterdam Amstel ,1,2026-01-02,2026-01-03,1,104.31,104.31,,Direct
498,113,Boston North Station,3,2025-06-28,2025-07-01,3,188.69,566.07,4,Direct
499,336,paris gare de lyon,1,2025-12-13,2025-12-15,2,108.57,217.14,4,OTA
500,74,London Bankside,2,2025-07-14,2025-07-16,2,163.71,327.42,2,OTA
501,151, New York Bowery,2,2025-12-02,2025-12-04,2,169.34,338.68,3,Direct
502,340,london bankside,1,2025-06-21,2025-06-26,5,136.57,682.85,4,Direct
503,356,ROTTERDAM ,4,2026-05-22,2026-05-26,4,100.74,402.96,5,OTA
504,112,new york bowery,3,2026-03-12,2026-03-16,4,240.82,963.28,3,Direct
505,299,Rotterdam,1,2026-04-22,2026-04-27,5,116.68,583.4,2,Direct
506,92,Copenhagen Islands Brygge,4,2025-08-28,2025-08-31,3,99.15,297.45,3,Direct
507,61,New York Bowery,1,2026-01-04,2026-01-05,1,112.65,112.65,5,Corporate
508,379,Paris Gare De Lyon,3,2025-01-09,2025-01-16,7,232.27,1625.89,2,OTA
509,335,AMSTERDAM AMSTEL,2,2026-02-12,2026-02-14,2,166.75,333.5,3,OTA
510,44,seattle south lake union,3,2025-07-12,2025-07-16,4,222.86,891.44,5,Direct
511,378,paris gare de lyon,1,2026-05-27,2026-06-03,7,113.56,794.92,2,Direct
512,301,boston north station,1,2025-02-02,2025-02-04,2,139.63,279.26,2,OTA
513,198,London  Bankside,2,2026-05-02,2026-05-03,1,178.58,178.58,5,Direct
514,353,Paris Gare de Lyon,4,2025-01-28,2025-01-30,2,120.13,240.26,3,OTA
515,266, Amsterdam Amstel ,1,2025-06-25,2025-06-28,3,116.01,348.03,4,Direct
516,106,london bankside,2,2025-07-30,2025-08-02,3,164.56,493.68,5,OTA
517,104,seattle south lake union,1,2025-05-27,2025-05-31,4,115.51,462.04,3,OTA
518,295,seattle south lake union,1,2025-04-04,2025-04-07,3,138.16,414.48,5,OTA
519,376,Paris Gare De Lyon,4,2026-04-14,2026-04-18,4,92.47,369.88,2,Direct
520,322,paris gare de lyon,3,2025-03-10,2025-03-16,6,238.31,1429.86,2,OTA
521,387,Rotterdam,1,2026-06-01,2026-06-08,7,115.98,811.86,3,Direct
522,176,seattle south lake union,4,2025-07-19,2025-07-23,4,95.02,380.08,4,Direct
523,281,London Bankside,2,2026-03-25,2026-03-27,2,140.62,281.24,5,OTA
524,40,Copenhagen Islands Brygge,1,2025-10-07,2025-10-09,2,105.86,211.72,3,Direct
525,354,london bankside,3,2026-03-31,2026-04-01,1,173.78,173.78,3,Corporate
526,9,New York Bowery,4,2025-01-29,2025-01-30,1,92.8,92.8,3,Direct
527,86,Paris Gare De Lyon,1,2026-03-02,2026-03-07,5,112.36,561.8,3,OTA
528,119,Copenhagen Islands Brygge,2,2025-04-19,2025-04-22,3,125.93,377.79,5,Direct
529,23,boston north station,1,2025-08-12,2025-08-16,4,124.21,496.84,4,OTA
530,167,London  Bankside,4,2025-05-17,2025-05-20,3,114.45,343.35,5,Direct
531,262,seattle south lake union,2,2026-05-31,2026-06-05,5,125.84,629.2,4,Direct
532,71,London Bankside,3,2026-05-26,2026-05-29,3,198.51,595.53,3,OTA
533,169,Seattle  South Lake Union,2,2025-10-12,2025-10-15,3,167.38,502.14,2,Corporate
534,170, New York Bowery,3,2025-09-06,2025-09-08,2,238.64,477.28,3,OTA
535,94,copenhagen islands brygge,4,2025-01-07,2025-01-08,1,88.16,88.16,4,OTA
536,260,New York Bowery,1,2026-03-13,2026-03-19,6,105.26,631.56,2,OTA
537,104,Seattle  South Lake Union,3,2026-05-08,2026-05-09,1,197.28,197.28,5,OTA
538,247,Copenhagen Islands Brygge,1,2026-01-26,2026-01-30,4,131.19,524.76,3,OTA
539,233,seattle south lake union,3,2026-01-20,2026-01-25,5,175.54,877.7,5,OTA
539,233,seattle south lake union,3,2026-01-20,2026-01-25,5,175.54,877.7,5,OTA
540,208,rotterdam,4,2026-02-09,2026-02-15,6,104.1,624.6,4,Direct
541,290,london bankside,2,2025-07-18,2025-07-25,7,139.29,975.03,4,Direct
542,30,ROTTERDAM ,4,2026-03-11,2026-03-17,6,103.65,621.9,4,Direct
543,310,paris gare de lyon,4,2025-05-31,2025-06-03,3,107.48,322.44,,Direct
544,362,copenhagen islands brygge,1,2026-06-15,2026-06-17,2,105.33,210.66,5,OTA
545,376,copenhagen islands brygge,4,2025-04-02,2025-04-03,1,115.01,115.01,4,OTA
546,4,copenhagen islands brygge,2,2026-05-19,2026-05-20,1,168.12,168.12,2,Direct
547,361,Rotterdam,2,2025-07-22,2025-07-26,4,177.84,711.36,3,Direct
548,210,new york bowery,4,2025-04-22,2025-04-29,7,88.53,619.71,4,Corporate
549,249,new york bowery,1,2025-01-10,2025-01-11,1,139.75,139.75,5,OTA
550,249,copenhagen islands brygge,4,2025-12-12,2025-12-17,5,99.59,497.95,4,Corporate
551,183,Copenhagen Islands Brygge,3,2025-04-13,2025-04-14,1,222.89,222.89,,Direct
552,189,Boston North Station,4,2026-05-02,2026-05-07,5,92.64,463.2,,Corporate
553,228,ROTTERDAM ,2,2026-05-12,2026-05-16,4,169.24,676.96,5,Direct
554,365,Boston North Station,2,2026-06-17,2026-06-22,5,164.95,824.75,5,Corporate
555,229,Seattle South Lake Union,1,2026-05-09,2026-05-15,6,108.71,652.26,4,Direct
556,393,rotterdam,3,2025-08-14,2025-08-20,6,206.11,1236.66,4,OTA
557,355,Seattle South Lake Union,3,2025-08-18,2025-08-23,5,215.51,1077.55,2,Direct
558,115,Copenhagen Islands Brygge,3,2025-04-29,2025-05-02,3,176.84,530.52,3,Direct
559,195,paris gare de lyon,1,2025-11-15,2025-11-16,1,106.38,106.38,2,Corporate
560,340,Paris Gare De Lyon,2,2025-04-20,2025-04-19,-1,142.67,-142.67,5,Direct
561,146,Paris Gare De Lyon,2,2025-02-05,2025-02-10,5,153.03,765.15,5,OTA
562,150,new york bowery,4,2025-03-02,2025-03-09,7,116.96,818.72,3,Direct
563,373,paris gare de lyon,4,2025-11-03,2025-11-10,7,117.74,824.18,3,Direct
564,201,rotterdam,1,2026-06-25,2026-07-01,6,128.46,770.76,3,OTA
565,235, Amsterdam Amstel ,2,2025-05-21,2025-05-25,4,141.28,565.12,3,OTA
566,372, Amsterdam Amstel ,1,2025-06-01,2025-06-05,4,116.72,466.88,5,Direct
567,264,Amsterdam Amstel,3,2026-03-21,2026-03-23,2,200.64,401.28,3,Corporate
568,382,Paris Gare De Lyon,4,2025-04-02,2025-04-09,7,116.59,816.13,5,Direct
569,329,london bankside,2,2025-01-24,2025-01-29,5,156.94,784.7,4,OTA
570,293,copenhagen islands brygge,2,2025-04-12,2025-04-15,3,175.63,526.89,4,Direct
571,266,Seattle South Lake Union,1,2025-08-01,2025-08-07,6,105.98,635.88,,Direct
572,66,London Bankside,2,2025-06-15,2025-06-16,1,172.44,172.44,4,Corporate
573,337,paris gare de lyon,1,2025-09-12,2025-09-15,3,139.34,418.02,5,Direct
574,161,Seattle  South Lake Union,3,2026-06-07,2026-06-09,2,220.19,440.38,5,Corporate
575,309,New York Bowery,2,2026-01-03,2026-01-06,3,159.7,479.1,5,OTA
576,347,london bankside,4,2025-05-27,2025-06-01,5,109.42,547.1,3,OTA
577,79,paris gare de lyon,3,2026-03-21,2026-03-25,4,215.73,862.92,4,OTA
578,46,ROTTERDAM ,3,2025-12-08,2025-12-15,7,235.79,1650.53,5,OTA
579,90,London Bankside,3,2026-05-17,2026-05-18,1,223.05,223.05,3,Direct
580,385,paris gare de lyon,4,2025-07-05,2025-07-08,3,111.26,333.78,3,Direct
581,5,paris gare de lyon,2,2025-05-10,2025-05-12,2,165.99,331.98,4,OTA
582,94,copenhagen islands brygge,4,2025-12-29,2026-01-05,7,96.4,674.8,3,OTA
583,209,london bankside,3,2025-04-03,2025-04-09,6,225.28,1351.68,4,Direct
584,218,Seattle South Lake Union,2,2026-05-07,2026-05-11,4,180.59,722.36,4,OTA
585,360,AMSTERDAM AMSTEL,3,2025-09-08,2025-09-14,6,239.69,1438.14,3,Direct
586,392,Paris Gare De Lyon,2,2025-06-29,2025-06-30,1,132.51,132.51,5,Direct
587,348,london bankside,2,2025-05-01,2025-05-04,3,141.42,424.26,2,Corporate
588,317,AMSTERDAM AMSTEL,4,2025-02-28,2025-02-27,-1,97.98,-97.98,5,OTA
589,221,Amsterdam Amstel,4,2025-07-22,2025-07-23,1,119.64,119.64,,Corporate
590,154,copenhagen islands brygge,3,2026-03-15,2026-03-17,2,190.47,380.94,5,Corporate
591,364, Amsterdam Amstel ,2,2025-04-24,2025-04-26,2,132.53,265.06,4,OTA
592,137,Seattle  South Lake Union,1,2026-03-08,2026-03-12,4,132.97,531.88,4,Direct
593,57,Copenhagen Islands Brygge,1,2025-01-22,2025-01-24,2,119.9,239.8,,Corporate
594,246,AMSTERDAM AMSTEL,3,2025-10-16,2025-10-20,4,202.53,810.12,3,Corporate
595,342,Boston North Station,4,2025-07-23,2025-07-27,4,116.28,465.12,3,OTA
596,62,Paris Gare de Lyon,2,2026-02-15,2026-02-16,1,135.79,135.79,5,Direct
597,269,copenhagen islands brygge,3,2025-08-25,2025-08-27,2,206.33,412.66,5,Corporate
598,215,ROTTERDAM ,2,2025-11-24,2025-11-25,1,125.13,125.13,4,Direct
599,95,london bankside,3,2026-05-19,2026-05-22,3,178.53,535.59,3,OTA
600,399,ROTTERDAM ,3,2025-09-01,2025-09-07,6,214.28,1285.68,4,OTA
601,361,New York Bowery,4,2025-04-12,2025-04-13,1,109.02,109.02,5,OTA
602,66,Paris Gare de Lyon,2,2026-03-05,2026-03-10,5,174.67,873.35,3,Corporate
603,35,london bankside,4,2026-03-06,2026-03-11,5,104.65,523.25,5,OTA
604,380,amsterdam amstel,4,2026-05-22,2026-05-28,6,105.01,630.06,5,Direct
605,311,copenhagen islands brygge,3,2025-07-31,2025-07-31,0,214.86,0.0,3,OTA
606,363,new york bowery,3,2025-05-02,2025-05-04,2,210.44,420.88,4,Corporate
607,329,Boston North Station,2,2025-08-04,2025-08-09,5,161.16,805.8,4,OTA
608,314,paris gare de lyon,3,2025-11-29,2025-11-30,1,170.89,170.89,5,Direct
609,382,London  Bankside,4,2025-09-21,2025-09-28,7,108.46,759.22,5,Corporate
610,229,Copenhagen Islands Brygge,2,2026-03-21,2026-03-24,3,151.73,455.19,5,OTA
611,93,Seattle  South Lake Union,3,2025-01-22,2025-01-25,3,183.54,550.62,3,Direct
612,207,Seattle  South Lake Union,1,2026-06-24,2026-06-26,2,133.33,266.66,2,Direct
613,128,amsterdam amstel,1,2025-10-02,2025-10-04,2,124.24,248.48,5,Direct
614,44,ROTTERDAM ,2,2025-05-23,2025-05-27,4,174.72,698.88,5,OTA
615,11,Boston North Station,1,2025-04-16,2025-04-21,5,120.4,602.0,,OTA
616,76,copenhagen islands brygge,3,2025-10-21,2025-10-23,2,221.84,443.68,4,Direct
617,40,boston north station,3,2025-05-02,2025-05-05,3,239.64,718.92,4,OTA
618,218,Paris Gare De Lyon,2,2025-11-05,2025-11-10,5,144.47,722.35,5,Corporate
619,77,London Bankside,2,2025-11-24,2025-11-26,2,165.21,330.42,5,Direct
620,47,Boston North Station,3,2025-05-11,2025-05-13,2,196.76,393.52,5,Direct
621,335,Rotterdam,2,2026-01-28,2026-02-01,4,155.05,620.2,3,Direct
622,360,Copenhagen Islands Brygge,1,2025-08-29,2025-08-29,0,113.9,0.0,4,Direct
623,151,Rotterdam,4,2025-05-28,2025-06-04,7,122.43,857.01,3,OTA
624,357,Paris Gare de Lyon,2,2026-01-22,2026-01-28,6,178.75,1072.5,4,Direct
625,76,Paris Gare de Lyon,3,2025-05-25,2025-05-26,1,171.04,171.04,2,OTA
626,271,Paris Gare De Lyon,3,2026-04-27,2026-05-01,4,203.66,814.64,5,OTA
627,258,amsterdam amstel,2,2025-01-12,2025-01-16,4,162.9,651.6,3,Corporate
628,217,Boston North Station,2,2025-10-06,2025-10-07,1,179.47,179.47,3,Direct
629,287,Paris Gare De Lyon,1,2026-04-25,2026-04-29,4,126.09,504.36,,Corporate
630,56,new york bowery,1,2025-03-21,2025-03-24,3,135.01,405.03,5,Direct
631,97, Amsterdam Amstel ,2,2025-02-03,2025-02-05,2,179.4,358.8,,Corporate
632,183,Boston North Station,3,2026-02-12,2026-02-17,5,226.94,1134.7,4,Direct
633,397,London  Bankside,2,2025-01-25,2025-01-30,5,151.62,758.1,5,OTA
634,48,London  Bankside,2,2025-08-09,2025-08-16,7,132.93,930.51,3,OTA
635,68,rotterdam,3,2025-10-25,2025-10-28,3,241.17,723.51,2,OTA
636,322,Paris Gare De Lyon,4,2025-04-10,2025-04-17,7,114.62,802.34,4,Direct
637,35,Boston North Station,3,2026-01-08,2026-01-11,3,183.65,550.95,5,Corporate
638,72,Seattle  South Lake Union,1,2026-05-15,2026-05-16,1,110.6,110.6,4,OTA
639,43,rotterdam,4,2026-06-03,2026-06-07,4,118.77,475.08,5,OTA
640,54,amsterdam amstel,3,2026-01-20,2026-01-22,2,234.65,469.3,5,Corporate
641,44,Seattle South Lake Union,2,2025-04-21,2025-04-25,4,136.19,544.76,4,OTA
642,143,Seattle South Lake Union,4,2025-02-09,2025-02-14,5,103.36,516.8,4,OTA
643,221, Amsterdam Amstel ,4,2025-08-07,2025-08-08,1,86.37,86.37,2,OTA
644,208,london bankside,1,2025-11-02,2025-11-09,7,136.09,952.63,5,Direct
645,386,copenhagen islands brygge,3,2025-06-18,2025-06-20,2,201.78,403.56,4,Direct
646,288,Copenhagen Islands Brygge,2,2025-03-21,2025-03-27,6,159.38,956.28,,Direct
647,59,seattle south lake union,4,2025-09-27,2025-10-02,5,123.05,615.25,4,OTA
648,97, New York Bowery,4,2025-06-20,2025-06-25,5,98.73,493.65,5,Corporate
649,359,Boston North Station,4,2026-04-12,2026-04-16,4,98.88,395.52,3,Corporate
650,220,paris gare de lyon,3,2025-07-01,2025-07-06,5,211.13,1055.65,2,OTA
651,54,London Bankside,1,2025-01-17,2025-01-22,5,102.62,513.1,3,Direct
652,216, Amsterdam Amstel ,2,2025-08-17,2025-08-24,7,146.29,1024.03,5,Corporate
653,331,seattle south lake union,4,2025-01-08,2025-01-11,3,104.79,314.37,5,Direct
654,17,AMSTERDAM AMSTEL,1,2025-01-27,2025-01-29,2,134.76,269.52,4,OTA
655,201, New York Bowery,2,2026-02-07,2026-02-14,7,176.92,1238.44,2,OTA
656,82,ROTTERDAM ,4,2025-08-25,2025-08-26,1,90.3,90.3,2,Corporate
657,105,paris gare de lyon,1,2025-04-06,2025-04-07,1,125.52,125.52,5,OTA
658,196,London  Bankside,1,2025-05-14,2025-05-18,4,132.0,528.0,3,OTA
659,338,copenhagen islands brygge,1,2025-10-09,2025-10-10,1,125.46,125.46,4,OTA
660,135,paris gare de lyon,2,2025-04-06,2025-04-07,1,145.19,145.19,2,Direct
661,40,Seattle  South Lake Union,2,2026-03-06,2026-03-10,4,160.33,641.32,4,Direct
662,176,Amsterdam Amstel,3,2026-05-11,2026-05-16,5,170.48,852.4,5,OTA
663,111,amsterdam amstel,3,2025-04-28,2025-04-30,2,180.58,361.16,4,Direct
664,363,london bankside,3,2026-04-24,2026-04-30,6,203.07,1218.42,3,OTA
665,53,boston north station,3,2025-06-19,2025-06-26,7,224.69,1572.83,5,Corporate
666,197,London  Bankside,4,2025-07-24,2025-07-29,5,119.62,598.1,5,Direct
667,151,boston north station,3,2026-02-12,2026-02-13,1,231.26,231.26,4,Direct
668,75,rotterdam,3,2025-05-06,2025-05-07,1,170.92,170.92,5,Corporate
669,146,london bankside,2,2026-06-24,2026-06-26,2,140.56,281.12,4,Direct
670,164,copenhagen islands brygge,2,2025-07-21,2025-07-22,1,152.82,152.82,2,Direct
671,197,ROTTERDAM ,2,2025-01-22,2025-01-25,3,168.65,505.95,5,Corporate
672,274,Copenhagen Islands Brygge,1,2025-12-12,2025-12-18,6,118.59,711.54,2,Corporate
673,41,rotterdam,3,2026-05-21,2026-05-26,5,192.66,963.3,5,Direct
674,115,London Bankside,1,2025-01-11,2025-01-13,2,112.18,224.36,2,Direct
675,3,ROTTERDAM ,1,2025-09-23,2025-09-30,7,100.19,701.33,5,OTA
676,358,copenhagen islands brygge,2,2025-05-22,2025-05-27,5,132.12,660.6,2,Direct
677,245, New York Bowery,4,2025-10-15,2025-10-18,3,103.84,311.52,5,Corporate
678,332, New York Bowery,2,2025-03-21,2025-03-22,1,128.45,64.22,5,OTA
679,303,Rotterdam,3,2025-11-16,2025-11-22,6,181.74,1090.44,4,Corporate
680,263,Seattle  South Lake Union,2,2026-02-14,2026-02-16,2,148.62,297.24,4,Direct
681,236,New York Bowery,2,2025-10-01,2025-10-02,1,154.62,154.62,4,Direct
682,204,New York Bowery,4,2026-06-05,2026-06-08,3,95.86,287.58,2,Direct
683,91,new york bowery,3,2026-06-27,2026-07-02,5,202.88,1014.4,3,OTA
684,123, Amsterdam Amstel ,1,2026-06-29,2026-06-30,1,136.58,136.58,2,Direct
685,106,boston north station,2,2025-07-28,2025-07-31,3,164.35,493.05,5,OTA
686,157,Seattle  South Lake Union,2,2025-06-24,2025-06-27,3,134.37,403.11,5,Direct
687,11,copenhagen islands brygge,2,2025-09-28,2025-09-29,1,167.37,301.27,5,Direct
688,24,Seattle South Lake Union,1,2025-10-25,2025-11-01,7,120.04,840.28,4,Corporate
689,132,ROTTERDAM ,4,2025-09-17,2025-09-20,3,116.95,350.85,4,OTA
690,76,Boston North Station,4,2025-08-14,2025-08-20,6,99.07,594.42,2,Direct
691,141,Copenhagen Islands Brygge,4,2026-06-24,2026-06-26,2,111.3,222.6,2,Corporate
692,314, Amsterdam Amstel ,1,2026-03-20,2026-03-27,7,140.31,982.17,5,Direct
693,349,paris gare de lyon,2,2026-06-20,2026-06-23,3,162.04,486.12,5,Corporate
694,145,amsterdam amstel,1,2025-02-24,2025-02-28,4,116.86,467.44,,OTA
695,45,Boston North Station,3,2025-05-27,2025-06-02,6,214.34,1286.04,,Corporate
696,205,copenhagen islands brygge,1,2025-09-25,2025-09-28,3,105.66,316.98,4,OTA
697,70,new york bowery,4,2025-07-24,2025-07-27,3,96.8,290.4,5,Direct
698,71,Copenhagen Islands Brygge,4,2025-11-17,2025-11-22,5,112.58,562.9,2,Direct
699,46,AMSTERDAM AMSTEL,2,2025-11-06,2025-11-13,7,153.58,1075.06,3,Corporate
700,207,Copenhagen Islands Brygge,1,2026-04-19,2026-04-26,7,120.69,844.83,,Direct
701,290,london bankside,4,2025-12-06,2025-12-13,7,113.64,795.48,5,OTA
702,115,Seattle South Lake Union,2,2025-11-05,2025-11-11,6,180.1,1945.08,3,Direct
703,50,London  Bankside,2,2025-07-29,2025-07-30,1,171.4,171.4,5,Corporate
704,280,Paris Gare de Lyon,3,2026-03-26,2026-04-02,7,179.41,1255.87,5,OTA
705,246,new york bowery,3,2025-10-24,2025-10-30,6,214.61,1287.66,5,Direct
706,15,Copenhagen Islands Brygge,3,2026-04-14,2026-04-15,1,170.93,170.93,,Corporate
707,235,Seattle  South Lake Union,3,2025-01-10,2025-01-12,2,234.8,469.6,4,OTA
708,336,London Bankside,2,2025-12-27,2026-01-02,6,143.96,863.76,4,Corporate
709,248,London  Bankside,4,2026-04-29,2026-05-04,5,107.39,536.95,3,Corporate
710,317,ROTTERDAM ,4,2025-03-11,2025-03-12,1,113.35,113.35,4,Direct
711,122, New York Bowery,1,2025-06-28,2025-07-04,6,131.05,786.3,4,Corporate
712,391,london bankside,3,2025-01-31,2025-02-02,2,222.92,445.84,3,Corporate
713,104,Boston North Station,2,2026-03-21,2026-03-28,7,169.02,1183.14,5,Direct
714,185,Paris Gare de Lyon,4,2025-03-15,2025-03-18,3,113.24,339.72,3,OTA
715,181,Seattle  South Lake Union,3,2025-05-22,2025-05-29,7,202.42,1416.94,4,OTA
716,61,Boston North Station,4,2025-08-25,2025-08-26,1,98.07,98.07,5,Corporate
717,81,Rotterdam,3,2025-03-18,2025-03-23,5,234.6,1173.0,3,OTA
718,242,London  Bankside,3,2025-01-31,2025-02-01,1,189.82,189.82,5,OTA
719,32,ROTTERDAM ,2,2026-05-21,2026-05-22,1,156.45,156.45,5,Direct
720,246,London  Bankside,2,2025-10-05,2025-10-11,6,127.08,762.48,4,Corporate
721,29,New York Bowery,1,2025-07-20,2025-07-25,5,114.64,573.2,5,Direct
722,221,Copenhagen Islands Brygge,4,2025-05-22,2025-05-23,1,119.59,119.59,4,Corporate
723,119,amsterdam amstel,1,2025-01-11,2025-01-13,2,130.91,261.82,3,Direct
724,40,New York Bowery,1,2025-05-10,2025-05-14,4,100.01,400.04,3,OTA
725,63,Seattle  South Lake Union,1,2025-03-20,2025-03-23,3,107.08,321.24,4,OTA
726,400,boston north station,3,2025-09-08,2025-09-13,5,194.21,971.05,,Direct
727,41,seattle south lake union,2,2025-05-21,2025-05-28,7,137.92,965.44,3,OTA
728,226, New York Bowery,4,2025-04-27,2025-04-28,1,86.78,86.78,2,Direct
729,10,copenhagen islands brygge,4,2026-01-29,2026-02-02,4,93.32,373.28,2,Corporate
730,312,Rotterdam,3,2025-09-26,2025-10-03,7,186.47,1305.29,2,Direct
731,274,copenhagen islands brygge,4,2026-03-11,2026-03-16,5,114.72,573.6,2,OTA
732,350, Amsterdam Amstel ,3,2025-03-29,2025-03-31,2,192.46,384.92,5,Corporate
733,64,Boston North Station,3,2025-11-25,2025-12-02,7,183.62,1285.34,,Direct
734,285,Seattle  South Lake Union,2,2026-02-23,2026-02-24,1,129.52,129.52,3,Direct
735,133,boston north station,4,2025-05-11,2025-05-13,2,91.08,182.16,5,Direct
736,163,Seattle  South Lake Union,1,2025-08-22,2025-08-23,1,141.35,141.35,5,Corporate
737,180,amsterdam amstel,1,2025-03-21,2025-03-26,5,120.38,601.9,4,Direct
738,74,copenhagen islands brygge,1,2025-12-01,2025-12-06,5,112.71,563.55,4,Corporate
739,23,paris gare de lyon,3,2025-06-03,2025-06-08,5,216.14,1080.7,3,OTA
740,194,Rotterdam,1,2025-06-03,2025-06-07,4,126.41,505.64,3,OTA
741,271,Copenhagen Islands Brygge,1,2026-04-29,2026-05-05,6,117.33,703.98,5,Corporate
742,234,Rotterdam,3,2025-04-29,2025-05-05,6,225.5,1353.0,4,OTA
743,248,ROTTERDAM ,2,2026-04-05,2026-04-12,7,156.76,1097.32,4,OTA
744,311,Copenhagen Islands Brygge,3,2025-10-21,2025-10-24,3,176.26,528.78,4,OTA
745,86,Seattle South Lake Union,1,2026-03-05,2026-03-08,3,129.12,387.36,4,Direct
746,38,amsterdam amstel,2,2026-06-12,2026-06-19,7,146.68,1026.76,4,OTA
747,173,Boston North Station,3,2025-04-21,2025-04-27,6,225.95,1355.7,5,Direct
748,388,copenhagen islands brygge,4,2025-05-18,2025-05-24,6,114.61,687.66,3,Direct
749,333,ROTTERDAM ,4,2026-01-24,2026-01-27,3,104.83,314.49,4,Direct
750,166,copenhagen islands brygge,4,2025-11-23,2025-11-30,7,90.94,636.58,3,Corporate
751,178,Rotterdam,3,2025-06-19,2025-06-20,1,206.89,206.89,4,Corporate
752,342,London Bankside,3,2025-05-25,2025-05-26,1,233.51,233.51,5,Direct
753,251,New York Bowery,1,2026-01-14,2026-01-16,2,139.43,278.86,5,Direct
754,362,London  Bankside,1,2026-04-01,2026-04-05,4,101.89,407.56,5,Direct
755,114,London  Bankside,1,2025-12-01,2025-12-03,2,110.14,220.28,3,Direct
756,222,Rotterdam,1,2026-06-18,2026-06-21,3,122.44,367.32,5,Direct
757,345,Copenhagen Islands Brygge,2,2025-09-29,2025-10-03,4,170.35,681.4,5,Direct
758,223,New York Bowery,1,2026-05-18,2026-05-23,5,129.06,645.3,5,OTA
759,272,rotterdam,2,2025-11-04,2025-11-11,7,141.34,989.38,2,OTA
760,58,London Bankside,3,2026-03-06,2026-03-10,4,220.18,880.72,5,Direct
761,397,Copenhagen Islands Brygge,4,2026-05-16,2026-05-21,5,94.42,472.1,3,Direct
762,346,rotterdam,3,2026-02-26,2026-03-02,4,202.25,809.0,5,OTA
763,230, Amsterdam Amstel ,4,2025-08-15,2025-08-20,5,105.87,529.35,4,OTA
764,277,Paris Gare De Lyon,1,2025-01-22,2025-01-29,7,132.13,924.91,4,OTA
765,186,amsterdam amstel,2,2025-06-10,2025-06-17,7,172.9,1210.3,4,Corporate
766,19,New York Bowery,1,2026-06-24,2026-06-25,1,132.6,132.6,5,OTA
767,140,New York Bowery,1,2026-01-22,2026-01-28,6,133.78,802.68,4,OTA
768,8,Copenhagen Islands Brygge,2,2025-04-08,2025-04-14,6,146.85,881.1,5,Direct
769,141, Amsterdam Amstel ,4,2025-07-27,2025-07-28,1,110.43,110.43,5,OTA
770,146,boston north station,2,2026-01-27,2026-01-28,1,165.55,165.55,3,Direct
771,395,AMSTERDAM AMSTEL,2,2026-04-03,2026-04-06,3,131.16,393.48,4,Direct
772,251,Paris Gare de Lyon,2,2025-03-27,2025-03-29,2,171.7,343.4,,Direct
773,78,boston north station,1,2025-11-26,2025-12-02,6,115.82,347.46,3,OTA
774,237,new york bowery,4,2026-06-11,2026-06-16,5,123.22,616.1,4,Direct
775,267,amsterdam amstel,1,2025-06-20,2025-06-22,2,140.48,280.96,2,OTA
776,5,copenhagen islands brygge,3,2025-05-01,2025-05-05,4,224.53,898.12,5,OTA
777,149,Paris Gare de Lyon,2,2026-01-16,2026-01-21,5,151.35,756.75,4,OTA
778,163,Seattle South Lake Union,4,2025-07-03,2025-07-05,2,123.25,123.25,3,OTA
779,320,London Bankside,4,2025-06-10,2025-06-11,1,106.75,106.75,5,Corporate
780,189,copenhagen islands brygge,4,2025-09-18,2025-09-23,5,110.56,552.8,4,OTA
781,65,Boston North Station,4,2025-12-05,2025-12-10,5,108.0,540.0,5,Direct
782,315,New York Bowery,2,2025-05-27,2025-05-29,2,125.11,250.22,5,Direct
783,155,seattle south lake union,1,2025-09-04,2025-09-09,5,131.84,659.2,4,OTA
784,110,London  Bankside,2,2025-10-12,2025-10-18,6,149.41,896.46,5,OTA
785,13,Rotterdam,3,2026-04-23,2026-04-30,7,225.17,1576.19,3,OTA
786,6,Paris Gare De Lyon,2,2026-03-29,2026-04-01,3,125.41,376.23,4,Corporate
787,18, Amsterdam Amstel ,3,2026-05-06,2026-05-10,4,222.68,890.72,5,Direct
788,324,Seattle  South Lake Union,4,2026-05-18,2026-05-20,2,118.75,237.5,,Direct
789,377,Paris Gare De Lyon,2,2025-05-15,2025-05-16,1,172.13,172.13,5,OTA
790,315, New York Bowery,1,2025-12-07,2025-12-14,7,137.33,961.31,4,OTA
791,8,ROTTERDAM ,4,2026-03-03,2026-03-10,7,87.84,614.88,3,Corporate
792,142,Seattle South Lake Union,2,2026-06-02,2026-06-06,4,166.62,666.48,5,OTA
793,291,rotterdam,1,2026-04-20,2026-04-21,1,102.05,102.05,4,Direct
794,327,amsterdam amstel,3,2026-04-17,2026-04-18,1,241.41,241.41,3,OTA
795,92,copenhagen islands brygge,3,2025-05-24,2025-05-29,5,187.18,935.9,3,Corporate
796,48,seattle south lake union,4,2025-12-30,2026-01-04,5,114.85,574.25,,OTA
797,223, New York Bowery,3,2025-10-23,2025-10-25,2,243.32,486.64,5,OTA
798,17,seattle south lake union,1,2026-06-14,2026-06-20,6,118.82,712.92,4,Direct
799,360, Amsterdam Amstel ,1,2026-01-03,2026-01-10,7,105.02,735.14,4,Direct
800,84,rotterdam,4,2025-07-10,2025-07-17,7,116.25,813.75,2,Direct
801,308,boston north station,3,2026-05-10,2026-05-16,6,173.13,1038.78,3,OTA
802,296,copenhagen islands brygge,4,2025-01-30,2025-02-01,2,120.55,241.1,3,OTA
803,171,Paris Gare De Lyon,1,2025-04-03,2025-04-06,3,104.27,312.81,2,Direct
804,155,New York Bowery,3,2025-03-24,2025-03-26,2,185.47,370.94,3,OTA
805,245,Rotterdam,2,2025-12-19,2025-12-20,1,163.29,163.29,5,Direct
806,66,london bankside,3,2025-05-17,2025-05-21,4,237.99,951.96,2,OTA
807,380,Seattle  South Lake Union,1,2025-08-16,2025-08-21,5,108.35,541.75,3,OTA
808,331,Copenhagen Islands Brygge,2,2025-05-22,2025-05-26,4,136.84,547.36,4,OTA
809,199,boston north station,4,2025-02-05,2025-02-08,3,101.53,304.59,3,Direct
810,376,ROTTERDAM ,1,2026-02-19,2026-02-26,7,105.11,735.77,3,Direct
810,376,ROTTERDAM ,1,2026-02-19,2026-02-26,7,105.11,735.77,3,Direct
811,395,copenhagen islands brygge,1,2025-11-07,2025-11-11,4,125.75,503.0,5,Direct
812,92,Rotterdam,4,2026-06-29,2026-07-06,7,111.14,777.98,4,OTA
813,25,seattle south lake union,4,2025-10-16,2025-10-17,1,104.11,104.11,4,Corporate
814,92, Amsterdam Amstel ,3,2026-01-01,2026-01-05,4,194.64,778.56,4,Direct
815,90,Copenhagen Islands Brygge,1,2025-04-07,2025-04-09,2,125.7,251.4,5,Direct
816,269, New York Bowery,4,2025-02-11,2025-02-12,1,86.95,86.95,4,Direct
817,206,boston north station,1,2025-07-08,2025-07-14,6,126.57,759.42,2,OTA
818,356,Boston North Station,1,2026-01-19,2026-01-24,5,131.27,656.35,4,Direct
819,146,Paris Gare De Lyon,3,2025-01-06,2025-01-10,4,229.22,916.88,5,OTA
820,114,Rotterdam,2,2025-01-19,2025-01-25,6,128.64,771.84,5,OTA
821,286,copenhagen islands brygge,1,2025-12-18,2025-12-21,3,133.97,401.91,5,OTA
822,17,boston north station,1,2026-05-14,2026-05-19,5,101.72,508.6,3,Corporate
823,240,Seattle  South Lake Union,1,2025-06-09,2025-06-14,5,125.32,626.6,2,Direct
824,121,boston north station,4,2025-05-15,2025-05-19,4,117.79,471.16,3,Direct
825,393,Paris Gare de Lyon,4,2026-02-23,2026-02-26,3,101.39,304.17,4,Direct
826,275,ROTTERDAM ,4,2025-08-19,2025-08-26,7,114.26,799.82,5,OTA
827,391, Amsterdam Amstel ,4,2025-06-26,2025-07-02,6,100.07,600.42,2,Direct
828,318,Paris Gare De Lyon,1,2026-02-23,2026-02-24,1,109.0,109.0,5,Corporate
829,83,Copenhagen Islands Brygge,4,2026-01-13,2026-01-19,6,92.16,552.96,3,Corporate
830,296,amsterdam amstel,4,2026-04-16,2026-04-18,2,102.36,204.72,4,OTA
831,126,Rotterdam,4,2025-03-13,2025-03-14,1,111.42,111.42,3,Direct
832,367,copenhagen islands brygge,1,2025-01-25,2025-01-29,4,129.75,519.0,2,Direct
833,64,seattle south lake union,1,2025-05-30,2025-06-06,7,134.08,938.56,4,Corporate
834,125,Rotterdam,4,2025-08-04,2025-08-07,3,109.9,329.7,5,Corporate
835,231,seattle south lake union,3,2025-10-09,2025-10-14,5,180.69,903.45,5,Corporate
836,367,boston north station,2,2025-11-09,2025-11-13,4,162.53,650.12,4,Corporate
837,15,Boston North Station,2,2025-11-07,2025-11-09,2,139.52,279.04,3,OTA
838,80,ROTTERDAM ,3,2026-06-20,2026-06-23,3,240.11,720.33,3,Direct
839,176,Amsterdam Amstel,2,2025-11-13,2025-11-15,2,140.57,281.14,4,Corporate
840,380,amsterdam amstel,2,2026-01-08,2026-01-14,6,159.93,959.58,3,OTA
841,229,London Bankside,2,2025-09-08,2025-09-11,3,135.26,405.78,3,Direct
842,47,boston north station,2,2025-03-07,2025-03-09,2,128.48,256.96,5,OTA
843,325, Amsterdam Amstel ,1,2025-07-21,2025-07-25,4,101.74,406.96,3,OTA
844,58,AMSTERDAM AMSTEL,4,2025-07-19,2025-07-24,5,108.85,544.25,5,Direct
845,91,Seattle  South Lake Union,3,2026-06-04,2026-06-08,4,242.03,968.12,3,Corporate
846,58,boston north station,2,2026-05-15,2026-05-16,1,179.27,179.27,4,Direct
847,176,london bankside,2,2025-07-18,2025-07-25,7,137.99,965.93,5,OTA
848,293,Boston North Station,2,2025-11-28,2025-11-30,2,147.13,294.26,4,OTA
849,305,Seattle  South Lake Union,4,2025-10-03,2025-10-05,2,103.44,206.88,5,Corporate
850,162,ROTTERDAM ,4,2025-11-12,2025-11-16,4,114.48,824.26,5,Corporate
851,393,paris gare de lyon,3,2025-01-20,2025-01-27,7,185.87,1301.09,5,Direct
852,286,copenhagen islands brygge,2,2025-08-09,2025-08-14,5,172.72,863.6,3,Direct
853,400,Seattle South Lake Union,4,2026-05-14,2026-05-16,2,108.55,217.1,,Corporate
854,146,rotterdam,1,2026-04-29,2026-05-01,2,101.33,202.66,2,OTA
855,46, New York Bowery,4,2025-09-09,2025-09-12,3,114.49,343.47,3,Direct
856,365,London  Bankside,3,2026-01-05,2026-01-12,7,236.97,1658.79,5,Corporate
857,310,boston north station,1,2025-05-24,2025-05-25,1,116.73,116.73,5,Direct
858,290,Rotterdam,4,2025-02-02,2025-02-07,5,97.93,489.65,5,Direct
859,400,London  Bankside,1,2026-06-29,2026-07-01,2,135.0,270.0,5,OTA
860,239,copenhagen islands brygge,4,2025-06-05,2025-06-11,6,92.4,554.4,5,Direct
861,4,copenhagen islands brygge,4,2025-01-20,2025-01-21,1,101.73,101.73,3,Corporate
862,182, New York Bowery,2,2025-07-13,2025-07-20,7,142.25,995.75,3,Direct
863,168,Rotterdam,3,2025-08-24,2025-08-30,6,193.0,1158.0,5,OTA
864,226,amsterdam amstel,1,2026-01-20,2026-01-21,1,130.54,130.54,,Direct
865,303,new york bowery,1,2025-04-06,2025-04-08,2,123.31,246.62,4,Direct
866,163,ROTTERDAM ,4,2025-07-15,2025-07-17,2,115.89,231.78,5,Direct
867,205,copenhagen islands brygge,1,2025-12-30,2026-01-02,3,134.57,403.71,5,Direct
868,9,copenhagen islands brygge,3,2025-11-28,2025-11-29,1,188.92,188.92,4,OTA
869,306,Amsterdam Amstel,2,2025-10-28,2025-10-31,3,170.87,512.61,4,OTA
870,57,paris gare de lyon,2,2025-01-31,2025-02-04,4,147.54,590.16,5,Direct
871,241,Rotterdam,1,2025-05-28,2025-06-01,4,114.54,458.16,3,Direct
871,241,Rotterdam,1,2025-05-28,2025-06-01,4,114.54,458.16,3,Direct
872,215,New York Bowery,1,2025-04-26,2025-04-30,4,116.2,464.8,5,OTA
873,244, Amsterdam Amstel ,4,2025-09-21,2025-09-23,2,106.02,212.04,4,OTA
874,67, New York Bowery,2,2025-08-19,2025-08-25,6,130.37,782.22,4,Corporate
875,364,boston north station,4,2026-06-17,2026-06-22,5,119.08,595.4,4,Corporate
876,324,AMSTERDAM AMSTEL,1,2025-07-22,2025-07-24,2,125.77,251.54,3,Corporate
876,324,AMSTERDAM AMSTEL,1,2025-07-22,2025-07-24,2,125.77,251.54,3,Corporate
877,177,seattle south lake union,2,2026-02-20,2026-02-24,4,150.3,601.2,5,Corporate
878,96,rotterdam,3,2025-12-16,2025-12-23,7,228.46,1599.22,4,Corporate
879,188,Boston North Station,4,2025-01-27,2025-02-01,5,94.13,470.65,4,Corporate
880,232,rotterdam,4,2025-03-26,2025-04-02,7,92.44,647.08,3,OTA
881,382, New York Bowery,3,2026-06-23,2026-06-28,5,212.65,1063.25,5,Corporate
882,82,paris gare de lyon,1,2025-06-19,2025-06-25,6,125.05,750.3,4,OTA
883,26,new york bowery,4,2025-10-31,2025-11-04,4,122.44,489.76,5,Corporate
883,26,new york bowery,4,2025-10-31,2025-11-04,4,122.44,489.76,5,Corporate
884,107,boston north station,1,2025-03-02,2025-03-09,7,104.37,730.59,3,OTA
885,128,Copenhagen Islands Brygge,3,2025-03-14,2025-03-16,2,190.98,381.96,4,OTA
886,228,Paris Gare de Lyon,2,2025-10-10,2025-10-17,7,160.5,1123.5,3,OTA
887,64,seattle south lake union,4,2025-06-07,2025-06-08,1,114.16,114.16,5,Direct
888,321,Boston North Station,4,2026-03-13,2026-03-18,5,112.47,562.35,5,OTA
889,309,London  Bankside,3,2025-09-05,2025-09-12,7,207.49,1452.43,2,Direct
890,129,boston north station,3,2026-03-06,2026-03-12,6,244.42,1466.52,4,Direct
891,303,Seattle South Lake Union,4,2025-09-30,2025-10-01,1,116.9,116.9,2,Direct
892,330,London  Bankside,1,2025-04-08,2025-04-09,1,108.5,108.5,2,Direct
893,294,seattle south lake union,1,2026-02-13,2026-02-20,7,130.56,913.92,5,OTA
894,150,Rotterdam,4,2025-01-30,2025-02-05,6,119.36,716.16,4,OTA
895,235, Amsterdam Amstel ,3,2025-06-14,2025-06-16,2,235.38,470.76,2,OTA
896,181,london bankside,2,2025-11-21,2025-11-28,7,175.93,1231.51,2,Direct
897,136,Copenhagen Islands Brygge,4,2025-12-26,2025-12-29,3,119.54,358.62,4,Direct
898,388,boston north station,2,2026-02-12,2026-02-17,5,136.14,680.7,2,OTA
899,69,rotterdam,4,2025-04-17,2025-04-24,7,116.45,815.15,5,Direct
900,21,new york bowery,2,2025-06-08,2025-06-14,6,126.57,759.42,3,OTA
901,7,New York Bowery,3,2025-09-07,2025-09-08,1,206.64,206.64,3,OTA
902,298,Paris Gare De Lyon,4,2026-02-01,2026-02-07,6,115.78,694.68,5,Corporate
903,277,new york bowery,3,2025-03-20,2025-03-26,6,235.11,1410.66,3,OTA
904,161,Seattle  South Lake Union,1,2025-08-22,2025-08-28,6,128.71,772.26,3,OTA
905,225,Seattle  South Lake Union,4,2026-03-23,2026-03-24,1,92.01,92.01,3,Corporate
906,350,Paris Gare de Lyon,3,2025-03-08,2025-03-14,6,189.15,1134.9,5,Direct
907,111,paris gare de lyon,4,2025-11-14,2025-11-19,5,97.08,485.4,3,OTA
908,313,Rotterdam,1,2026-01-02,2026-01-07,5,140.71,703.55,3,OTA
909,397, New York Bowery,2,2025-07-05,2025-07-06,1,152.62,152.62,4,Direct
910,196,copenhagen islands brygge,4,2025-05-22,2025-05-29,7,89.14,623.98,2,Direct
911,103,boston north station,2,2025-12-26,2026-01-01,6,143.99,863.94,3,OTA
912,49, Amsterdam Amstel ,2,2025-01-02,2025-01-07,5,143.27,716.35,4,OTA
913,275,Seattle South Lake Union,2,2025-12-20,2025-12-21,1,175.84,175.84,4,OTA
914,319,Seattle South Lake Union,1,2025-05-04,2025-05-11,7,138.87,972.09,4,OTA
915,309,Seattle South Lake Union,2,2025-12-12,2025-12-16,4,155.57,622.28,5,OTA
916,73,new york bowery,2,2026-05-18,2026-05-20,2,127.41,254.82,5,OTA
917,336,London  Bankside,3,2026-06-24,2026-06-29,5,210.31,1051.55,3,Corporate
918,150,Seattle South Lake Union,4,2026-02-18,2026-02-22,4,104.14,416.56,4,OTA
919,395,seattle south lake union,1,2026-06-25,2026-07-02,7,139.38,975.66,3,Corporate
920,156,Amsterdam Amstel,4,2025-07-12,2025-07-15,3,87.49,262.47,2,OTA
921,358,ROTTERDAM ,1,2025-08-08,2025-08-09,1,106.2,106.2,4,OTA
922,196,Amsterdam Amstel,2,2025-04-30,2025-04-30,0,161.77,0.0,4,Direct
923,23,rotterdam,2,2025-05-26,2025-05-31,5,162.27,811.35,2,Corporate
924,354,boston north station,1,2026-03-02,2026-03-09,7,110.22,771.54,5,Direct
925,357,Copenhagen Islands Brygge,4,2025-05-12,2025-05-18,6,88.18,529.08,4,Direct
926,379,Rotterdam,3,2026-02-12,2026-02-15,3,191.62,574.86,4,Direct
927,285,New York Bowery,4,2025-07-25,2025-07-27,2,86.86,173.72,4,Direct
928,224,London Bankside,3,2026-03-25,2026-03-31,6,215.23,1291.38,3,OTA
929,292,Rotterdam,1,2025-06-06,2025-06-09,3,109.03,327.09,5,Direct
930,259,paris gare de lyon,1,2025-08-19,2025-08-21,2,112.74,225.48,5,Direct
931,74,Boston North Station,3,2025-02-28,2025-03-01,1,201.09,201.09,4,Corporate
932,351,Paris Gare de Lyon,2,2025-01-07,2025-01-07,0,170.34,0.0,4,Direct
933,333,London Bankside,4,2026-01-31,2026-02-03,3,100.2,300.6,3,OTA
934,79,seattle south lake union,4,2026-01-04,2026-01-06,2,109.71,219.42,2,OTA
935,154,AMSTERDAM AMSTEL,2,2025-02-13,2025-02-17,4,174.02,696.08,2,Corporate
936,214,copenhagen islands brygge,4,2026-04-09,2026-04-13,4,103.11,412.44,2,OTA
937,98, New York Bowery,2,2026-01-08,2026-01-12,4,167.58,670.32,5,OTA
938,397,seattle south lake union,4,2025-02-22,2025-02-24,2,106.46,212.92,2,Direct
939,356,Seattle South Lake Union,2,2026-01-31,2026-02-05,5,140.3,701.5,4,OTA
940,211,New York Bowery,3,2026-04-25,2026-04-27,2,179.97,359.94,4,OTA
941,34,Amsterdam Amstel,1,2025-01-22,2025-01-23,1,136.01,136.01,4,Corporate
942,158,Paris Gare de Lyon,1,2026-01-07,2026-01-12,5,123.54,617.7,5,OTA
943,82,London  Bankside,2,2025-06-17,2025-06-21,4,175.71,702.84,3,Direct
944,59,Boston North Station,2,2026-04-01,2026-04-02,1,132.64,132.64,2,Direct
945,300,rotterdam,2,2026-04-04,2026-04-05,1,177.73,177.73,4,Corporate
946,154,Paris Gare De Lyon,4,2025-06-03,2025-06-04,1,115.56,115.56,4,Direct
947,319,Seattle South Lake Union,4,2025-06-23,2025-06-26,3,92.8,278.4,3,Direct
948,333,Paris Gare de Lyon,2,2025-11-10,2025-11-13,3,149.17,447.51,5,Corporate
949,6,Paris Gare De Lyon,1,2025-11-06,2025-11-10,4,118.6,474.4,5,Corporate
950,363,copenhagen islands brygge,3,2025-05-16,2025-05-19,3,211.86,635.58,5,Direct
951,164,London  Bankside,1,2025-01-24,2025-01-31,7,131.33,919.31,4,OTA
952,39,New York Bowery,1,2025-01-14,2025-01-20,6,136.04,816.24,4,Direct
953,55,ROTTERDAM ,1,2025-02-27,2025-03-05,6,138.12,828.72,4,Direct
953,55,ROTTERDAM ,1,2025-02-27,2025-03-05,6,138.12,828.72,4,Direct
954,26,New York Bowery,1,2026-02-01,2026-02-04,3,106.5,319.5,5,OTA
955,95,AMSTERDAM AMSTEL,1,2025-03-23,2025-03-25,2,109.58,219.16,3,Direct
956,84,Rotterdam,4,2025-10-31,2025-11-05,5,109.84,549.2,5,OTA
957,387,boston north station,2,2025-03-08,2025-03-09,1,144.24,144.24,2,Direct
957,387,boston north station,2,2025-03-08,2025-03-09,1,144.24,144.24,2,Direct
958,302,london bankside,3,2025-03-09,2025-03-14,5,233.58,1167.9,5,Corporate
959,382,ROTTERDAM ,2,2025-08-22,2025-08-27,5,163.51,817.55,5,Direct
960,79,seattle south lake union,2,2026-01-30,2026-02-03,4,173.66,694.64,2,OTA
961,339,AMSTERDAM AMSTEL,2,2025-06-04,2025-06-09,5,137.16,685.8,5,Corporate
962,82,seattle south lake union,3,2025-10-12,2025-10-14,2,215.98,431.96,2,OTA
963,55, Amsterdam Amstel ,1,2025-11-28,2025-12-04,6,110.71,664.26,5,Direct
964,174,Boston North Station,3,2026-03-16,2026-03-21,5,179.88,899.4,4,OTA
965,10,Seattle South Lake Union,4,2026-01-14,2026-01-18,4,121.39,485.56,4,Direct
966,170,ROTTERDAM ,2,2025-05-11,2025-05-14,3,156.92,470.76,3,OTA
967,161,Seattle South Lake Union,1,2026-01-29,2026-02-05,7,112.12,784.84,5,Corporate
968,395,Copenhagen Islands Brygge,3,2025-05-27,2025-05-30,3,174.56,523.68,5,OTA
969,164,paris gare de lyon,4,2025-11-18,2025-11-23,5,93.1,465.5,3,OTA
970,377,Boston North Station,2,2026-06-21,2026-06-28,7,138.9,972.3,5,OTA
971,334,Amsterdam Amstel,4,2025-03-22,2025-03-25,3,120.07,360.21,2,OTA
972,141,Rotterdam,4,2025-10-10,2025-10-12,2,102.73,205.46,4,Direct
973,245,ROTTERDAM ,3,2025-05-26,2025-05-29,3,198.45,595.35,2,Direct
974,166, Amsterdam Amstel ,1,2026-06-08,2026-06-09,1,129.22,129.22,4,Direct
975,387,New York Bowery,3,2026-01-01,2026-01-04,3,196.07,588.21,2,OTA
976,281,Copenhagen Islands Brygge,1,2025-08-01,2025-08-05,4,131.36,525.44,3,OTA
977,22,new york bowery,1,2025-08-13,2025-08-20,7,104.75,733.25,3,Direct
978,262,Copenhagen Islands Brygge,3,2026-05-20,2026-05-21,1,222.8,222.8,5,Direct
979,179,Seattle South Lake Union,1,2026-01-12,2026-01-17,5,105.26,526.3,,OTA
980,199,ROTTERDAM ,2,2025-07-26,2025-08-02,7,143.7,1005.9,5,Corporate
981,334,Seattle  South Lake Union,4,2025-07-29,2025-07-31,2,100.22,200.44,3,OTA
982,304,Boston North Station,3,2026-01-05,2026-01-09,4,217.43,869.72,5,Direct
983,171,New York Bowery,2,2026-05-27,2026-06-02,6,143.3,859.8,4,Direct
984,40,Boston North Station,1,2025-01-01,2025-01-08,7,100.28,1263.53,5,Direct
985,28,Paris Gare de Lyon,3,2025-08-09,2025-08-15,6,202.09,1212.54,4,Direct
986,155,Amsterdam Amstel,2,2025-09-27,2025-10-01,4,174.44,697.76,3,Direct
987,8,Seattle South Lake Union,1,2025-03-30,2025-04-05,6,136.02,816.12,3,Direct
988,375,Seattle South Lake Union,2,2025-08-09,2025-08-10,1,146.08,146.08,2,Direct
989,337,Amsterdam Amstel,1,2025-10-15,2025-10-21,6,118.99,713.94,5,OTA
990,333,Seattle South Lake Union,1,2026-03-22,2026-03-27,5,119.4,597.0,5,Direct
991,279,seattle south lake union,2,2026-01-18,2026-01-24,6,165.48,992.88,4,Corporate
992,240,copenhagen islands brygge,3,2025-10-27,2025-10-29,2,226.93,453.86,3,Direct
993,171,Boston North Station,3,2026-04-23,2026-04-27,4,235.25,941.0,5,OTA
994,72,Paris Gare De Lyon,2,2026-02-10,2026-02-11,1,174.07,174.07,,Direct
995,379,Boston North Station,2,2025-12-09,2025-12-13,4,165.79,663.16,3,OTA
996,296,Copenhagen Islands Brygge,3,2026-02-22,2026-02-28,6,178.15,1068.9,5,OTA
997,74,london bankside,1,2025-11-10,2025-11-12,2,111.3,222.6,4,OTA
998,62, Amsterdam Amstel ,2,2025-07-10,2025-07-17,7,129.07,903.49,4,Corporate
999,176, Amsterdam Amstel ,4,2026-01-19,2026-01-21,2,109.03,218.06,5,Direct
1000,131,Rotterdam,4,2026-01-28,2026-02-04,7,89.22,624.54,4,Direct
1001,250,Copenhagen Islands Brygge,1,2026-05-02,2026-05-05,3,101.72,305.16,4,Corporate
1002,166,Seattle South Lake Union,3,2026-04-08,2026-04-10,2,177.28,354.56,5,Direct
1003,141,paris gare de lyon,4,2025-02-19,2025-02-22,3,112.03,336.09,5,OTA
1004,57,rotterdam,2,2025-03-20,2025-03-22,2,138.95,277.9,4,Direct
1005,350,new york bowery,4,2025-08-23,2025-08-29,6,112.13,672.78,4,OTA
1006,255,AMSTERDAM AMSTEL,3,2026-03-17,2026-03-18,1,237.97,237.97,3,Direct
1007,35,copenhagen islands brygge,1,2025-03-31,2025-04-03,3,127.08,381.24,3,OTA
1008,293,Paris Gare de Lyon,2,2025-07-21,2025-07-25,4,155.45,621.8,5,OTA
1009,21,London  Bankside,2,2025-07-27,2025-07-29,2,166.61,333.22,,Direct
1010,156,Boston North Station,2,2025-11-24,2025-11-26,2,169.65,339.3,5,OTA
1011,75,Copenhagen Islands Brygge,2,2026-06-07,2026-06-09,2,128.88,257.76,4,OTA
1012,116,copenhagen islands brygge,3,2026-02-21,2026-02-22,1,173.34,173.34,,Corporate
1013,66, New York Bowery,4,2026-06-06,2026-06-10,4,114.21,456.84,3,Direct
1014,34,AMSTERDAM AMSTEL,1,2025-05-30,2025-06-06,7,114.21,799.47,5,Corporate
1015,241,rotterdam,4,2026-01-31,2026-02-07,7,111.66,781.62,4,Direct
1016,265,ROTTERDAM ,1,2025-09-15,2025-09-21,6,109.93,659.58,3,Corporate
1017,157,new york bowery,2,2025-12-10,2025-12-15,5,140.59,702.95,3,OTA
1018,352,Boston North Station,3,2025-11-25,2025-11-27,2,214.08,428.16,5,OTA
1019,332,Rotterdam,4,2026-01-19,2026-01-21,2,112.75,225.5,5,OTA
1020,64,london bankside,4,2026-02-07,2026-02-08,1,116.36,116.36,5,OTA
1021,102,boston north station,3,2025-02-22,2025-02-26,4,207.11,828.44,2,Direct
1022,390,london bankside,1,2025-02-12,2025-02-19,7,102.79,719.53,4,Direct
1023,58,Amsterdam Amstel,3,2025-10-11,2025-10-14,3,187.52,562.56,5,Corporate
1024,284,Paris Gare de Lyon,3,2025-08-14,2025-08-16,2,232.48,464.96,5,Direct
1025,64,boston north station,1,2025-09-10,2025-09-17,7,108.65,760.55,4,Corporate
1026,158, New York Bowery,4,2026-01-31,2026-02-04,4,89.31,357.24,5,Direct
1027,278,Copenhagen Islands Brygge,3,2025-07-30,2025-08-05,6,229.79,1378.74,,OTA
1028,106,Seattle  South Lake Union,3,2025-05-28,2025-06-03,6,233.37,1400.22,4,OTA
1029,141,rotterdam,2,2025-10-25,2025-10-27,2,173.9,347.8,3,Direct
1030,293,AMSTERDAM AMSTEL,3,2026-01-04,2026-01-08,4,203.08,812.32,2,Corporate
1031,134,boston north station,4,2025-06-11,2025-06-13,2,107.75,215.5,3,Direct
1032,390,Rotterdam,2,2025-04-03,2025-04-09,6,130.24,781.44,5,OTA
1033,151,Seattle South Lake Union,2,2026-03-23,2026-03-26,3,135.44,406.32,4,OTA
1034,148,amsterdam amstel,4,2026-03-10,2026-03-12,2,116.19,232.38,4,Direct
1035,64,Paris Gare De Lyon,4,2026-01-13,2026-01-19,6,105.78,634.68,5,OTA
1036,202,Amsterdam Amstel,2,2025-06-21,2025-06-22,1,172.17,172.17,4,Corporate
1037,364,Seattle South Lake Union,1,2025-09-12,2025-09-14,2,131.0,262.0,2,Corporate
1038,387,Seattle  South Lake Union,4,2026-02-18,2026-02-23,5,110.1,550.5,2,OTA
1039,256,Paris Gare De Lyon,2,2025-02-07,2025-02-09,2,180.41,360.82,4,Direct
1040,13,boston north station,3,2026-05-14,2026-05-16,2,186.4,372.8,4,OTA
1041,155,Paris Gare De Lyon,4,2025-09-08,2025-09-10,2,94.13,188.26,5,Direct
1042,67,new york bowery,4,2025-02-22,2025-02-24,2,119.59,239.18,5,Corporate
1043,40,copenhagen islands brygge,3,2025-12-30,2026-01-06,7,206.17,1443.19,5,Corporate
1044,52,Paris Gare de Lyon,2,2025-10-04,2025-10-05,1,137.26,137.26,5,Corporate
1045,319,seattle south lake union,3,2025-10-19,2025-10-22,3,209.19,627.57,5,Direct
1046,79,Amsterdam Amstel,4,2025-12-05,2025-12-11,6,113.3,679.8,4,OTA
1047,202,copenhagen islands brygge,2,2025-02-12,2025-02-13,1,178.12,178.12,3,OTA
1048,1,Boston North Station,1,2025-06-17,2025-06-24,7,129.81,908.67,3,OTA
1049,41,Seattle South Lake Union,4,2025-12-17,2025-12-22,5,99.64,498.2,5,OTA
1050,341,ROTTERDAM ,3,2026-06-24,2026-06-26,2,233.25,466.5,5,OTA
1051,248,AMSTERDAM AMSTEL,3,2025-12-03,2025-12-08,5,243.64,1218.2,5,Corporate
1052,76,Boston North Station,2,2025-08-13,2025-08-15,2,133.62,267.24,3,Direct
1053,154,copenhagen islands brygge,1,2025-09-06,2025-09-08,2,139.45,278.9,4,Direct
1054,213,Copenhagen Islands Brygge,4,2025-02-01,2025-02-04,3,89.99,269.97,5,Direct
1055,121,copenhagen islands brygge,3,2025-09-07,2025-09-12,5,195.51,977.55,2,Direct
1056,277,amsterdam amstel,4,2026-05-20,2026-05-21,1,115.66,115.66,4,Direct
1057,150,amsterdam amstel,3,2026-01-01,2026-01-07,6,173.16,1038.96,4,OTA
1058,99,Amsterdam Amstel,2,2026-02-05,2026-02-12,7,131.08,917.56,3,OTA
1059,311,london bankside,3,2025-06-11,2025-06-17,6,209.03,1254.18,3,Direct
1060,84,ROTTERDAM ,4,2026-04-09,2026-04-12,3,97.14,291.42,2,OTA
1061,108,boston north station,2,2026-04-18,2026-04-20,2,127.15,254.3,4,Direct
1062,395,london bankside,3,2025-11-24,2025-11-29,5,206.51,1032.55,3,Corporate
1063,336,new york bowery,1,2026-01-08,2026-01-10,2,113.15,226.3,5,Direct
1064,231,copenhagen islands brygge,2,2025-12-01,2025-12-07,6,148.58,891.48,,OTA
1065,250,Copenhagen Islands Brygge,3,2025-06-01,2025-06-02,1,188.25,188.25,5,OTA
1066,365, Amsterdam Amstel ,3,2026-01-17,2026-01-16,-1,228.43,-228.43,3,Corporate
1067,271,boston north station,2,2026-03-22,2026-03-29,7,169.6,1187.2,3,Direct
1068,209,Rotterdam,1,2026-05-01,2026-05-08,7,138.61,970.27,3,OTA
1069,334,boston north station,1,2025-08-23,2025-08-29,6,109.18,655.08,3,OTA
1070,204,Seattle South Lake Union,1,2026-03-17,2026-03-18,1,133.08,133.08,3,Direct
1071,255,Boston North Station,2,2025-10-22,2025-10-29,7,138.16,967.12,3,OTA
1072,351,New York Bowery,4,2025-03-23,2025-03-26,3,121.47,364.41,4,Corporate
1073,213,boston north station,2,2026-03-13,2026-03-15,2,145.2,290.4,5,OTA
1074,80,London Bankside,1,2025-01-04,2025-01-06,2,131.69,263.38,5,Direct
1075,257,Rotterdam,4,2026-06-08,2026-06-09,1,108.85,108.85,4,Corporate
1076,129, New York Bowery,1,2025-03-30,2025-03-31,1,113.02,113.02,3,Corporate
1077,54,copenhagen islands brygge,4,2025-08-06,2025-08-08,2,109.72,219.44,4,OTA
1078,395,Seattle  South Lake Union,4,2026-02-01,2026-02-04,3,93.07,279.21,5,OTA
1079,174,ROTTERDAM ,4,2025-01-08,2025-01-11,3,88.74,266.22,3,Direct
1080,284,seattle south lake union,3,2025-05-03,2025-05-08,5,229.53,1147.65,3,Direct
1081,154,London Bankside,2,2025-09-22,2025-09-29,7,133.61,935.27,2,OTA
1082,379,seattle south lake union,3,2026-02-21,2026-02-22,1,191.66,191.66,4,OTA
1083,59,london bankside,1,2025-09-28,2025-10-05,7,136.83,957.81,3,Direct
1084,390,boston north station,1,2025-11-01,2025-11-06,5,102.48,512.4,5,Direct
1085,380,rotterdam,1,2025-05-21,2025-05-22,1,139.29,250.72,5,Corporate
1086,82,london bankside,2,2025-03-25,2025-03-28,3,161.16,483.48,4,Direct
1087,378,Paris Gare de Lyon,2,2026-02-22,2026-02-23,1,173.75,173.75,3,OTA
1088,342, New York Bowery,4,2025-07-17,2025-07-24,7,98.58,690.06,2,Corporate
1089,216,London  Bankside,3,2026-05-25,2026-05-26,1,200.76,200.76,5,OTA
1090,128,London  Bankside,2,2025-02-11,2025-02-13,2,166.52,333.04,2,OTA
1091,2,London  Bankside,2,2025-04-24,2025-05-01,7,148.08,1036.56,5,Direct
1092,194,rotterdam,3,2026-03-31,2026-04-06,6,218.11,1308.66,4,OTA
1093,26,boston north station,3,2025-01-04,2025-01-08,4,174.74,698.96,5,OTA
1094,148,Copenhagen Islands Brygge,2,2025-10-18,2025-10-21,3,167.86,503.58,3,Direct
1095,103,new york bowery,3,2026-05-04,2026-05-08,4,206.41,825.64,,OTA
1096,283,Copenhagen Islands Brygge,2,2025-04-23,2025-04-26,3,154.12,462.36,5,OTA
1097,33,Copenhagen Islands Brygge,1,2025-09-05,2025-09-08,3,108.75,326.25,3,OTA
1098,255,Paris Gare De Lyon,1,2025-06-02,2025-06-03,1,128.17,128.17,,OTA
1099,129,boston north station,3,2025-07-24,2025-07-30,6,233.75,1402.5,4,Direct
1100,24,new york bowery,3,2026-01-01,2026-01-05,4,210.36,841.44,2,Direct
1101,71,London  Bankside,2,2026-02-25,2026-03-04,7,151.07,1057.49,4,OTA
1102,378,Paris Gare de Lyon,2,2025-08-12,2025-08-15,3,139.36,418.08,2,Corporate
1103,48,Seattle South Lake Union,3,2025-08-31,2025-09-05,5,230.99,1154.95,3,OTA
1104,337,Boston North Station,1,2026-05-17,2026-05-24,7,132.79,929.53,4,OTA
1105,219,Boston North Station,3,2026-01-01,2026-01-08,7,222.71,1558.97,4,OTA
1106,89,Boston North Station,2,2025-08-28,2025-09-03,6,135.07,810.42,3,Direct
1107,317,Seattle South Lake Union,2,2025-02-02,2025-02-03,1,165.36,165.36,5,Direct
1108,243,London Bankside,4,2025-01-08,2025-01-10,2,105.76,211.52,2,OTA
1109,56,paris gare de lyon,4,2025-08-23,2025-08-29,6,95.61,573.66,3,OTA
1110,81,rotterdam,2,2026-04-05,2026-04-09,4,171.62,686.48,4,OTA
1111,208,amsterdam amstel,3,2026-01-20,2026-01-27,7,240.2,1681.4,4,OTA
1112,359, New York Bowery,1,2026-05-06,2026-05-10,4,123.42,493.68,,OTA
1113,124,New York Bowery,1,2026-06-05,2026-06-12,7,136.66,956.62,3,OTA
1114,171,boston north station,2,2025-07-02,2025-07-03,1,172.37,172.37,3,Direct
1115,217,Seattle South Lake Union,1,2025-11-26,2025-11-30,4,110.15,440.6,,Direct
1116,43,Amsterdam Amstel,3,2025-06-18,2025-06-25,7,218.26,1527.82,3,Direct
1117,323,Rotterdam,1,2025-06-03,2025-06-06,3,127.41,382.23,3,Corporate
1118,76,London  Bankside,4,2025-10-22,2025-10-26,4,114.68,458.72,5,Direct
1119,260,Seattle South Lake Union,4,2026-04-24,2026-04-25,1,87.36,87.36,3,Corporate
1120,208,Boston North Station,4,2025-05-06,2025-05-08,2,115.81,231.62,4,Direct
1121,193,Paris Gare De Lyon,1,2025-02-10,2025-02-16,6,115.83,694.98,3,Corporate
1122,65,amsterdam amstel,1,2025-03-04,2025-03-07,3,138.57,415.71,5,Direct
1123,321, Amsterdam Amstel ,3,2025-07-01,2025-07-06,5,207.78,1038.9,3,OTA
1124,138,london bankside,2,2025-06-08,2025-06-14,6,163.83,982.98,5,OTA
1125,153,boston north station,2,2025-01-22,2025-01-24,2,167.16,334.32,3,Direct
1126,237,Boston North Station,1,2026-02-04,2026-02-07,3,125.64,376.92,4,Direct
1127,346, New York Bowery,3,2025-12-15,2025-12-20,5,192.31,961.55,5,Direct
1128,149,copenhagen islands brygge,1,2025-08-20,2025-08-26,6,108.63,651.78,3,Corporate
1129,313,paris gare de lyon,1,2025-12-15,2025-12-16,1,125.96,125.96,5,OTA
1130,270,Rotterdam,3,2025-11-19,2025-11-25,6,225.17,1351.02,4,OTA
1131,64,Seattle  South Lake Union,1,2025-07-23,2025-07-25,2,125.61,251.22,3,Corporate
1132,18,AMSTERDAM AMSTEL,1,2025-03-27,2025-04-03,7,120.11,840.77,4,Direct
1133,6,Copenhagen Islands Brygge,2,2025-08-02,2025-08-09,7,170.17,1191.19,4,Direct
1134,353,amsterdam amstel,4,2025-12-08,2025-12-12,4,104.4,417.6,4,Direct
1135,189,new york bowery,3,2025-05-18,2025-05-19,1,215.74,215.74,3,OTA
1136,119,Boston North Station,4,2026-06-27,2026-07-01,4,86.5,346.0,2,OTA
1137,123,Paris Gare de Lyon,4,2025-10-09,2025-10-12,3,88.42,265.26,5,Corporate
1138,188,Copenhagen Islands Brygge,1,2025-12-12,2025-12-14,2,115.34,230.68,5,Direct
1139,400,paris gare de lyon,1,2025-02-13,2025-02-15,2,100.51,201.02,4,OTA
1140,79,AMSTERDAM AMSTEL,4,2025-03-16,2025-03-19,3,93.59,280.77,3,Corporate
1141,224,Copenhagen Islands Brygge,1,2026-05-13,2026-05-19,6,116.61,699.66,4,OTA
1142,60,Boston North Station,2,2025-11-08,2025-11-07,-1,168.48,-168.48,3,OTA
1143,24,paris gare de lyon,2,2025-08-28,2025-09-03,6,165.35,992.1,4,Direct
1144,290, Amsterdam Amstel ,1,2025-10-24,2025-10-27,3,138.86,416.58,5,OTA
1145,393,copenhagen islands brygge,4,2025-10-31,2025-11-07,7,108.48,759.36,5,OTA
1146,197,ROTTERDAM ,2,2025-05-31,2025-06-03,3,141.47,424.41,5,OTA
1147,95,New York Bowery,2,2025-10-29,2025-11-05,7,178.98,1252.86,3,Direct
1148,80,AMSTERDAM AMSTEL,4,2025-05-01,2025-05-05,4,122.45,489.8,5,OTA
1149,311, New York Bowery,2,2025-11-30,2025-12-06,6,175.58,1053.48,3,OTA
1150,177,Boston North Station,4,2025-05-01,2025-05-03,2,107.02,214.04,5,OTA
1151,347,ROTTERDAM ,2,2026-03-21,2026-03-27,6,168.67,1012.02,2,Direct
1152,288,New York Bowery,4,2026-03-13,2026-03-14,1,111.56,111.56,3,Corporate
1153,99,london bankside,3,2026-02-13,2026-02-18,5,214.52,1072.6,3,Direct
1154,386,paris gare de lyon,2,2025-01-02,2025-01-03,1,153.67,153.67,2,Direct
1155,39,Copenhagen Islands Brygge,1,2025-07-17,2025-07-24,7,134.01,938.07,,Direct
1156,42, Amsterdam Amstel ,3,2025-03-16,2025-03-23,7,174.21,1219.47,4,OTA
1157,211,Seattle  South Lake Union,2,2025-02-21,2025-02-27,6,160.55,963.3,5,OTA
1158,366,Paris Gare de Lyon,4,2025-05-24,2025-05-30,6,118.29,709.74,4,OTA
1159,321,Seattle  South Lake Union,4,2026-01-29,2026-01-30,1,106.99,106.99,4,Corporate
1160,100,Boston North Station,2,2025-07-27,2025-07-31,4,177.21,708.84,4,OTA
1161,240,Copenhagen Islands Brygge,1,2026-04-21,2026-04-22,1,141.53,141.53,4,OTA
1161,240,Copenhagen Islands Brygge,1,2026-04-21,2026-04-22,1,141.53,141.53,4,OTA
1162,385,London Bankside,4,2025-09-01,2025-09-08,7,110.95,776.65,5,Corporate
1163,230,New York Bowery,1,2025-10-31,2025-11-03,3,100.24,300.72,,Direct
1164,221,Amsterdam Amstel,3,2025-10-19,2025-10-20,1,185.59,185.59,4,OTA
1165,380,paris gare de lyon,4,2026-06-10,2026-06-12,2,88.36,176.72,4,OTA
1166,322,Paris Gare de Lyon,2,2025-09-25,2025-09-30,5,148.44,742.2,4,Direct
1167,389,Seattle South Lake Union,4,2025-08-26,2025-09-02,7,94.74,663.18,3,Corporate
1168,294,Rotterdam,4,2025-01-24,2025-01-28,4,107.87,431.48,2,Direct
1169,255,AMSTERDAM AMSTEL,2,2026-02-19,2026-02-24,5,133.25,666.25,4,Direct
1170,88,London  Bankside,2,2025-08-18,2025-08-24,6,162.57,975.42,2,Corporate
1170,88,London  Bankside,2,2025-08-18,2025-08-24,6,162.57,975.42,2,Corporate
1171,230,ROTTERDAM ,1,2025-09-29,2025-10-03,4,130.04,520.16,4,OTA
1172,387,copenhagen islands brygge,1,2025-10-02,2025-10-04,2,124.65,249.3,3,OTA
1173,18, Amsterdam Amstel ,2,2026-03-20,2026-03-26,6,163.54,981.24,5,Corporate
1174,313,ROTTERDAM ,1,2025-03-28,2025-03-31,3,125.4,376.2,5,Direct
1175,279,Paris Gare de Lyon,4,2026-04-04,2026-04-08,4,105.99,423.96,,OTA
1176,315,Copenhagen Islands Brygge,1,2026-04-18,2026-04-22,4,119.57,478.28,2,OTA
1177,265,paris gare de lyon,2,2026-05-21,2026-05-27,6,160.87,965.22,,OTA
1178,27,new york bowery,3,2025-01-31,2025-02-06,6,197.34,1184.04,2,Corporate
1179,345,Amsterdam Amstel,1,2025-06-21,2025-06-24,3,105.77,317.31,4,OTA
1180,304,copenhagen islands brygge,4,2025-07-20,2025-07-22,2,116.48,232.96,3,OTA
1181,114,boston north station,2,2025-04-16,2025-04-19,3,139.6,418.8,4,Corporate
1182,176,Seattle South Lake Union,4,2025-06-21,2025-06-26,5,121.45,607.25,3,OTA
1183,115,Rotterdam,1,2026-02-05,2026-02-08,3,139.59,418.77,5,OTA
1184,396,rotterdam,3,2025-09-25,2025-09-24,-1,217.59,-217.59,3,Direct
1185,307,london bankside,4,2025-06-18,2025-06-19,1,117.15,117.15,3,Direct
1186,202,Rotterdam,3,2025-04-01,2025-04-04,3,178.23,534.69,3,OTA
1187,244,new york bowery,1,2025-09-01,2025-09-08,7,135.23,946.61,5,OTA
1188,395,london bankside,1,2025-02-06,2025-02-13,7,118.01,826.07,4,OTA
1189,388,amsterdam amstel,4,2025-01-07,2025-01-10,3,94.43,283.29,3,Corporate
1190,286,paris gare de lyon,4,2026-03-03,2026-03-04,1,118.33,118.33,2,Direct
1191,86,boston north station,2,2026-05-20,2026-05-26,6,143.85,863.1,5,Corporate
1192,163,copenhagen islands brygge,3,2025-07-02,2025-07-07,5,242.53,1212.65,4,Direct
1193,4,amsterdam amstel,1,2025-02-13,2025-02-15,2,114.34,228.68,3,OTA
1194,163,london bankside,1,2025-08-02,2025-08-03,1,119.05,119.05,2,OTA
1195,146,boston north station,4,2026-01-31,2026-02-05,5,112.74,563.7,3,Direct
1196,77,boston north station,1,2025-05-13,2025-05-16,3,141.04,423.12,4,Direct
1197,279,Paris Gare De Lyon,1,2025-05-17,2025-05-19,2,103.61,207.22,5,OTA
1198,47,Copenhagen Islands Brygge,2,2026-03-02,2026-03-05,3,136.44,409.32,,OTA
1199,341,Copenhagen Islands Brygge,4,2025-07-01,2025-07-08,7,98.8,691.6,5,Corporate
1200,70,boston north station,4,2025-06-08,2025-06-15,7,86.74,607.18,4,Direct
1201,53, New York Bowery,4,2025-02-24,2025-03-01,5,112.79,563.95,5,Direct
1202,368,new york bowery,2,2025-07-10,2025-07-17,7,143.22,1002.54,3,OTA
1203,337,copenhagen islands brygge,1,2025-11-07,2025-11-09,2,104.37,208.74,4,OTA
1204,285,new york bowery,3,2025-10-01,2025-10-05,4,224.89,899.56,5,Direct
1205,134, Amsterdam Amstel ,3,2026-05-26,2026-05-31,5,178.91,894.55,,OTA
1206,29,London Bankside,3,2025-09-10,2025-09-16,6,205.52,1233.12,5,OTA
1207,297,Rotterdam,2,2025-05-14,2025-05-16,2,162.64,325.28,4,Direct
1208,89,amsterdam amstel,1,2025-02-15,2025-02-18,3,119.42,358.26,5,OTA
1209,351,seattle south lake union,2,2026-01-17,2026-01-23,6,135.37,812.22,2,Direct
1210,121,boston north station,4,2025-03-25,2025-04-01,7,115.68,809.76,5,OTA
1211,399,London Bankside,2,2025-06-21,2025-06-28,7,177.47,1242.29,5,OTA
1212,314,New York Bowery,2,2025-01-06,2025-01-11,5,151.24,756.2,5,Direct
1213,375,amsterdam amstel,2,2025-04-29,2025-05-01,2,173.29,346.58,5,OTA
1214,58,London Bankside,4,2026-02-17,2026-02-18,1,92.37,92.37,5,Corporate
1215,102,Seattle South Lake Union,2,2025-02-07,2025-02-10,3,149.09,447.27,,OTA
1216,77,Boston North Station,3,2025-06-30,2025-07-01,1,171.82,171.82,2,OTA
1217,69, Amsterdam Amstel ,2,2025-10-21,2025-10-25,4,171.8,687.2,4,Corporate
1218,377,London  Bankside,1,2025-08-08,2025-08-14,6,124.09,744.54,5,Direct
1219,73,Seattle South Lake Union,3,2025-07-15,2025-07-19,4,211.66,846.64,2,OTA
1220,39, Amsterdam Amstel ,2,2025-01-27,2025-01-29,2,176.82,353.64,4,Direct
1221,31,seattle south lake union,2,2025-03-04,2025-03-08,4,178.7,714.8,5,OTA
1222,176,Boston North Station,3,2025-09-25,2025-10-02,7,236.52,1655.64,5,Corporate
1223,9,Amsterdam Amstel,3,2026-02-20,2026-02-24,4,228.19,912.76,2,Corporate
1224,303,rotterdam,3,2026-01-16,2026-01-19,3,183.14,549.42,5,OTA
1225,223,boston north station,1,2025-04-24,2025-04-25,1,131.64,131.64,3,OTA
1226,52,Copenhagen Islands Brygge,4,2026-02-13,2026-02-16,3,88.92,266.76,,Direct
1227,55,rotterdam,2,2025-02-01,2025-02-08,7,179.27,1254.89,5,OTA
1228,127,Seattle South Lake Union,1,2026-04-19,2026-04-25,6,101.58,609.48,5,OTA
1229,103,seattle south lake union,4,2025-06-29,2025-06-30,1,86.44,86.44,4,OTA
1230,361,seattle south lake union,4,2025-09-17,2025-09-21,4,90.08,180.16,3,OTA
1231,224,seattle south lake union,4,2026-03-24,2026-03-31,7,98.92,692.44,3,Direct
1232,207, Amsterdam Amstel ,4,2026-03-12,2026-03-13,1,98.05,98.05,4,Direct
1233,240,Seattle  South Lake Union,1,2025-09-16,2025-09-17,1,126.66,126.66,3,OTA
1234,162,Boston North Station,2,2025-03-09,2025-03-12,3,127.45,382.35,,OTA
1235,311,seattle south lake union,4,2025-08-18,2025-08-24,6,103.1,618.6,4,Direct
1236,211,Boston North Station,4,2025-04-12,2025-04-14,2,96.39,192.78,5,OTA
1237,224,paris gare de lyon,2,2025-08-04,2025-08-10,6,153.76,922.56,5,Direct
1238,35,Seattle South Lake Union,3,2025-06-19,2025-06-23,4,242.36,969.44,3,OTA
1239,46,Paris Gare de Lyon,4,2025-02-26,2025-03-05,7,110.78,775.46,5,OTA
1240,190,London Bankside,4,2025-05-31,2025-06-01,1,102.39,102.39,3,OTA
1241,280,Amsterdam Amstel,4,2025-09-24,2025-09-27,3,91.61,274.83,4,OTA
1242,192,Seattle  South Lake Union,4,2025-01-12,2025-01-17,5,116.35,581.75,5,Corporate
1243,97,London Bankside,4,2025-03-29,2025-04-01,3,88.98,266.94,4,OTA
1244,308,Boston North Station,4,2026-06-01,2026-06-03,2,114.08,228.16,5,Direct
1245,366,Rotterdam,1,2025-09-22,2025-09-29,7,123.43,864.01,,OTA
1246,146,paris gare de lyon,2,2025-12-08,2025-12-14,6,131.05,786.3,2,Direct
1247,313,copenhagen islands brygge,4,2026-01-28,2026-02-02,5,95.56,477.8,5,OTA
1248,6,london bankside,2,2025-12-13,2025-12-14,1,133.99,133.99,3,Direct
1249,258,Paris Gare de Lyon,2,2025-09-30,2025-10-05,5,163.84,819.2,5,OTA
1250,78,copenhagen islands brygge,4,2025-03-11,2025-03-15,4,117.15,468.6,4,Direct
1251,339,new york bowery,2,2025-07-29,2025-08-04,6,138.04,828.24,2,Corporate
1252,131,New York Bowery,3,2026-06-08,2026-06-09,1,229.05,229.05,4,Corporate
1253,135,Seattle South Lake Union,1,2025-04-10,2025-04-14,4,99.48,397.92,5,OTA
1254,387,london bankside,4,2025-03-08,2025-03-15,7,112.11,784.77,3,OTA
1255,237,AMSTERDAM AMSTEL,2,2025-04-10,2025-04-13,3,140.16,420.48,4,Corporate
1256,136,copenhagen islands brygge,4,2025-09-12,2025-09-18,6,100.54,603.24,5,OTA
1257,168,Boston North Station,3,2025-09-25,2025-09-28,3,173.83,521.49,4,OTA
1258,127,seattle south lake union,4,2025-02-15,2025-02-18,3,103.53,310.59,5,OTA
1259,216,Copenhagen Islands Brygge,3,2025-09-12,2025-09-16,4,219.06,876.24,5,OTA
1260,26,Seattle South Lake Union,1,2025-11-05,2025-11-12,7,121.22,848.54,,Direct
1261,221,boston north station,4,2026-02-25,2026-02-26,1,102.06,102.06,5,Corporate
1262,276,seattle south lake union,1,2026-04-07,2026-04-14,7,131.59,921.13,3,OTA
1263,190,Paris Gare de Lyon,3,2026-02-19,2026-02-23,4,234.68,938.72,2,Corporate
1264,310,copenhagen islands brygge,3,2025-08-23,2025-08-22,-1,182.22,-182.22,4,OTA
1265,245,seattle south lake union,4,2025-11-15,2025-11-19,4,97.51,390.04,5,OTA
1266,191,London Bankside,3,2026-06-14,2026-06-20,6,174.63,1047.78,,Direct
1267,365,copenhagen islands brygge,4,2025-05-11,2025-05-13,2,92.07,184.14,4,Direct
1268,70,boston north station,4,2025-09-27,2025-10-04,7,116.36,814.52,4,Direct
1269,377,Boston North Station,4,2025-12-17,2025-12-19,2,111.96,223.92,,OTA
1270,136,paris gare de lyon,2,2025-11-14,2025-11-16,2,156.1,312.2,3,Corporate
1271,17,Boston North Station,4,2025-09-18,2025-09-21,3,96.34,289.02,4,Direct
1272,366,New York Bowery,4,2025-10-20,2025-10-27,7,114.58,802.06,5,OTA
1273,225,london bankside,4,2025-07-31,2025-08-02,2,110.01,220.02,4,Direct
1274,38,Copenhagen Islands Brygge,4,2025-12-29,2026-01-04,6,106.13,636.78,4,Direct
1275,169, Amsterdam Amstel ,2,2025-02-03,2025-02-07,4,169.18,676.72,3,OTA
1276,118,new york bowery,3,2025-01-13,2025-01-14,1,235.36,235.36,4,Direct
1277,218,Boston North Station,3,2025-06-26,2025-06-29,3,239.41,718.23,5,Direct
1278,186, New York Bowery,1,2026-05-02,2026-05-07,5,117.73,588.65,,Corporate
1279,275,London Bankside,4,2026-05-30,2026-06-04,5,118.72,593.6,2,OTA
1280,307,Paris Gare De Lyon,1,2025-11-10,2025-11-13,3,128.75,386.25,4,Direct
1281,120,boston north station,1,2025-04-02,2025-04-09,7,124.18,869.26,2,OTA
1282,333, New York Bowery,2,2026-04-06,2026-04-08,2,138.35,276.7,4,OTA
1283,291,Copenhagen Islands Brygge,2,2025-06-26,2025-07-01,5,176.48,882.4,3,OTA
1284,8,Amsterdam Amstel,2,2025-08-24,2025-08-26,2,126.01,252.02,2,Direct
1285,367,AMSTERDAM AMSTEL,4,2025-05-05,2025-05-06,1,116.58,116.58,2,Corporate
1286,149, New York Bowery,3,2025-09-07,2025-09-13,6,214.68,1288.08,5,OTA
1287,159,new york bowery,4,2025-11-20,2025-11-27,7,89.21,312.24,5,Direct
1288,143, Amsterdam Amstel ,3,2026-01-24,2026-01-28,4,195.15,780.6,5,Direct
1289,7,London Bankside,4,2026-01-15,2026-01-18,3,112.44,337.32,3,Direct
1290,205,Rotterdam,3,2026-04-26,2026-04-27,1,171.24,171.24,3,OTA
1291,274,paris gare de lyon,4,2025-06-13,2025-06-17,4,115.33,461.32,3,OTA
1292,271,london bankside,4,2025-03-16,2025-03-19,3,116.01,348.03,4,Direct
1293,355,Copenhagen Islands Brygge,2,2025-05-10,2025-05-11,1,132.48,132.48,4,OTA
1294,8,paris gare de lyon,3,2025-03-22,2025-03-27,5,227.64,1138.2,4,Direct
1295,262,rotterdam,3,2025-05-01,2025-05-05,4,192.08,768.32,4,Direct
1296,278,London Bankside,2,2025-10-15,2025-10-16,1,158.03,158.03,2,OTA
1297,263,seattle south lake union,1,2026-04-06,2026-04-07,1,136.54,136.54,5,Corporate
1298,284,Paris Gare de Lyon,3,2025-10-28,2025-10-31,3,233.23,699.69,3,OTA
1299,1,rotterdam,1,2025-02-20,2025-02-21,1,107.67,107.67,4,Direct
1300,143,New York Bowery,4,2025-07-01,2025-07-06,5,106.78,533.9,,Direct
1301,353,Paris Gare de Lyon,3,2026-04-09,2026-04-11,2,245.22,490.44,3,Corporate
1301,353,Paris Gare de Lyon,3,2026-04-09,2026-04-11,2,245.22,490.44,3,Corporate
1302,180,London Bankside,1,2025-04-04,2025-04-05,1,140.6,140.6,5,Direct
1303,96,london bankside,4,2025-03-24,2025-03-30,6,113.77,682.62,,OTA
1304,237,Amsterdam Amstel,1,2026-03-17,2026-03-22,5,98.74,493.7,5,Direct
1305,358,boston north station,3,2025-08-21,2025-08-28,7,230.39,1612.73,2,OTA
1306,68,copenhagen islands brygge,3,2025-10-13,2025-10-17,4,201.35,805.4,3,Direct
1307,110,Boston North Station,1,2025-02-06,2025-02-09,3,104.8,314.4,2,OTA
1308,373,Boston North Station,3,2026-03-25,2026-03-28,3,236.73,710.19,4,Direct
1309,20,boston north station,4,2026-04-04,2026-04-06,2,93.82,187.64,5,OTA
1310,163,Boston North Station,2,2026-01-27,2026-02-03,7,178.98,1252.86,4,Corporate
1311,142,seattle south lake union,1,2026-02-07,2026-02-10,3,112.73,338.19,2,OTA
1312,277,Amsterdam Amstel,3,2025-11-29,2025-11-30,1,217.65,217.65,5,OTA
1313,43,New York Bowery,1,2026-04-19,2026-04-26,7,115.01,805.07,5,Corporate
1314,200,Seattle  South Lake Union,1,2025-07-01,2025-07-03,2,115.81,231.62,3,Corporate
1315,91,London  Bankside,1,2025-03-26,2025-04-01,6,117.19,703.14,4,Direct
1315,91,London  Bankside,1,2025-03-26,2025-04-01,6,117.19,703.14,4,Direct
1316,41,Copenhagen Islands Brygge,3,2025-04-24,2025-04-27,3,224.49,673.47,4,OTA
1317,225,Rotterdam,3,2025-02-14,2025-02-21,7,227.93,1595.51,4,OTA
1318,381,ROTTERDAM ,3,2025-01-29,2025-01-31,2,232.79,465.58,2,OTA
1319,105,Boston North Station,1,2025-01-04,2025-01-07,3,138.98,416.94,,OTA
1320,37,Boston North Station,3,2025-04-07,2025-04-09,2,195.56,391.12,4,Corporate
1321,352,new york bowery,3,2025-05-31,2025-06-01,1,175.44,175.44,5,OTA
1321,352,new york bowery,3,2025-05-31,2025-06-01,1,175.44,175.44,5,OTA
1322,293,AMSTERDAM AMSTEL,4,2025-03-02,2025-03-03,1,112.75,112.75,5,OTA
1323,367,Boston North Station,2,2025-07-18,2025-07-23,5,142.16,710.8,4,Direct
1323,367,Boston North Station,2,2025-07-18,2025-07-23,5,142.16,710.8,4,Direct
1324,194,seattle south lake union,2,2025-12-09,2025-12-09,0,160.29,0.0,4,Direct
1325,95,paris gare de lyon,3,2025-04-19,2025-04-23,4,183.99,735.96,4,OTA
1326,114,Paris Gare de Lyon,3,2025-12-05,2025-12-12,7,171.25,1198.75,5,Direct
1327,126, Amsterdam Amstel ,1,2026-02-28,2026-03-05,5,98.71,493.55,4,Direct
1328,4,Paris Gare De Lyon,3,2025-12-09,2025-12-13,4,236.36,945.44,3,OTA
1329,304,London Bankside,4,2025-11-16,2025-11-18,2,94.28,188.56,2,OTA
1330,190,paris gare de lyon,3,2026-06-18,2026-06-20,2,205.02,410.04,5,OTA
1330,190,paris gare de lyon,3,2026-06-18,2026-06-20,2,205.02,410.04,5,OTA
1331,47,Seattle South Lake Union,3,2025-06-15,2025-06-17,2,211.74,423.48,2,OTA
1332,181,Paris Gare de Lyon,1,2026-06-19,2026-06-24,5,129.61,648.05,4,Direct
1333,191, New York Bowery,3,2025-03-25,2025-03-31,6,193.76,1162.56,5,Direct
1334,385,Amsterdam Amstel,3,2025-08-31,2025-09-04,4,231.21,924.84,3,Direct
1335,298,Paris Gare De Lyon,4,2025-06-26,2025-07-03,7,98.1,686.7,5,OTA
1336,1,Seattle South Lake Union,1,2025-07-01,2025-07-06,5,110.94,554.7,3,OTA
1337,143,london bankside,4,2025-10-13,2025-10-19,6,90.5,543.0,3,Direct
1338,309,ROTTERDAM ,2,2025-01-11,2025-01-17,6,159.98,479.94,3,Corporate
1339,68,Paris Gare de Lyon,2,2026-03-26,2026-03-30,4,176.83,707.32,4,OTA
1340,48,Paris Gare De Lyon,4,2025-12-10,2025-12-11,1,100.54,50.27,4,OTA
1341,236,seattle south lake union,3,2026-02-12,2026-02-17,5,210.72,1053.6,4,OTA
1342,350,london bankside,1,2026-04-26,2026-04-29,3,124.61,373.83,4,OTA
1343,127, Amsterdam Amstel ,3,2025-03-10,2025-03-15,5,182.36,911.8,3,Direct
1344,208, Amsterdam Amstel ,3,2026-03-04,2026-03-11,7,199.83,1398.81,5,Direct
1345,263,London  Bankside,4,2026-01-06,2026-01-09,3,107.59,322.77,5,Direct
1346,101,copenhagen islands brygge,3,2025-07-13,2025-07-19,6,201.61,2177.39,4,OTA
1347,223,Copenhagen Islands Brygge,1,2025-04-01,2025-04-04,3,109.25,327.75,4,Corporate
1348,345,rotterdam,2,2025-04-14,2025-04-20,6,153.64,921.84,5,Direct
1349,319,London  Bankside,4,2025-06-01,2025-06-07,6,97.32,583.92,4,OTA
1350,103,Boston North Station,3,2025-09-03,2025-09-05,2,242.86,485.72,5,OTA
1351,273, Amsterdam Amstel ,2,2025-08-19,2025-08-21,2,136.35,272.7,3,Corporate
1352,15,seattle south lake union,3,2025-10-01,2025-10-04,3,228.94,686.82,5,Direct
1353,103,boston north station,3,2025-09-03,2025-09-07,4,205.8,823.2,2,OTA
1354,221,Copenhagen Islands Brygge,2,2025-10-15,2025-10-17,2,144.19,288.38,3,Direct
1355,175,Boston North Station,2,2026-02-13,2026-02-18,5,168.83,844.15,2,Direct
1356,233,New York Bowery,3,2025-05-20,2025-05-22,2,224.34,448.68,5,Direct
1357,342,Boston North Station,3,2025-07-20,2025-07-22,2,182.0,364.0,4,Corporate
1358,29, New York Bowery,4,2026-02-27,2026-03-01,2,102.9,205.8,,Direct
1359,73,Rotterdam,1,2025-03-23,2025-03-26,3,117.57,352.71,3,OTA
1360,222,Boston North Station,4,2025-09-23,2025-09-26,3,110.22,330.66,5,OTA
1361,347,Paris Gare De Lyon,1,2026-06-26,2026-06-30,4,136.26,545.04,3,Direct
1362,350,copenhagen islands brygge,3,2026-02-21,2026-02-23,2,170.36,340.72,5,Direct
1363,225,Rotterdam,1,2025-01-26,2025-01-29,3,120.73,362.19,,OTA
1364,66,Paris Gare De Lyon,1,2025-11-13,2025-11-15,2,126.99,253.98,4,OTA
1365,391,London Bankside,4,2026-06-26,2026-07-03,7,88.8,621.6,5,OTA
1366,364,rotterdam,2,2026-06-15,2026-06-22,7,175.5,1228.5,4,Direct
1367,369,Rotterdam,3,2025-12-27,2026-01-03,7,219.94,1539.58,3,OTA
1368,359,Seattle South Lake Union,2,2026-06-19,2026-06-24,5,125.18,625.9,5,OTA
1369,117,New York Bowery,4,2026-03-14,2026-03-15,1,122.44,122.44,4,OTA
1370,200,amsterdam amstel,4,2025-05-04,2025-05-11,7,91.52,640.64,,Direct
1371,52,paris gare de lyon,3,2025-08-16,2025-08-21,5,217.89,1089.45,4,Direct
1372,274,copenhagen islands brygge,3,2026-02-17,2026-02-21,4,203.56,814.24,4,OTA
1373,83,Paris Gare de Lyon,1,2025-04-19,2025-04-26,7,109.16,764.12,3,OTA
1374,376,Paris Gare de Lyon,3,2026-02-19,2026-02-20,1,232.17,232.17,4,Direct
1375,370, New York Bowery,4,2025-09-08,2025-09-09,1,89.86,89.86,2,Direct
1376,249,New York Bowery,3,2025-08-23,2025-08-30,7,193.15,1352.05,3,Direct
1377,397,London Bankside,4,2025-06-28,2025-07-02,4,104.83,419.32,2,Direct
1378,161,Copenhagen Islands Brygge,3,2026-05-03,2026-05-04,1,189.11,189.11,4,Direct
1379,37,copenhagen islands brygge,1,2025-12-17,2025-12-20,3,98.84,296.52,4,Direct
1380,165, New York Bowery,4,2026-05-24,2026-05-27,3,87.79,263.37,,OTA
1381,8,Paris Gare De Lyon,1,2026-05-24,2026-05-25,1,126.95,126.95,4,OTA
1382,237,copenhagen islands brygge,4,2026-02-20,2026-02-21,1,105.38,105.38,4,Direct
1383,225,Paris Gare de Lyon,4,2025-01-29,2025-02-02,4,111.93,447.72,3,OTA
1384,107, New York Bowery,3,2025-07-27,2025-07-28,1,217.73,217.73,5,OTA
1385,120,Rotterdam,1,2025-05-29,2025-05-30,1,123.65,123.65,5,Direct
1386,289,boston north station,4,2025-10-18,2025-10-18,0,85.55,0.0,3,Corporate
1387,206,copenhagen islands brygge,3,2026-04-04,2026-04-09,5,193.5,967.5,2,Direct
1388,132,Copenhagen Islands Brygge,3,2025-02-03,2025-02-04,1,196.79,196.79,5,OTA
1389,316,boston north station,2,2026-04-21,2026-04-25,4,174.18,696.72,4,Direct
1390,356,New York Bowery,3,2026-04-23,2026-04-22,-1,196.54,-196.54,4,OTA
1391,161,New York Bowery,3,2026-06-22,2026-06-27,5,233.64,1168.2,2,Corporate
1392,153,Copenhagen Islands Brygge,3,2025-09-26,2025-10-03,7,239.9,1679.3,5,Direct
1393,203,Boston North Station,2,2025-09-06,2025-09-13,7,172.79,1209.53,5,OTA
1394,9,copenhagen islands brygge,2,2025-05-30,2025-06-01,2,143.35,286.7,5,OTA
1395,128,Boston North Station,2,2025-04-17,2025-04-18,1,167.37,167.37,5,Direct
1396,168,AMSTERDAM AMSTEL,3,2026-06-16,2026-06-19,3,217.75,653.25,4,OTA
1397,126,Paris Gare de Lyon,1,2025-02-13,2025-02-16,3,116.97,350.91,4,OTA
1398,73,Amsterdam Amstel,3,2025-04-20,2025-04-22,2,185.53,371.06,4,Corporate
1399,170,Copenhagen Islands Brygge,3,2026-04-28,2026-04-29,1,202.63,202.63,3,Corporate
1400,133,Boston North Station,3,2026-02-11,2026-02-15,4,175.58,702.32,3,OTA
1401,209,Paris Gare de Lyon,2,2025-05-19,2025-05-20,1,135.94,135.94,4,OTA
1402,119, Amsterdam Amstel ,4,2026-03-02,2026-03-07,5,111.14,555.7,3,Direct
1403,363,ROTTERDAM ,2,2025-10-15,2025-10-19,4,178.44,713.76,4,Direct
1404,239,Boston North Station,3,2025-07-12,2025-07-13,1,233.72,233.72,3,Corporate
1405,287,Paris Gare de Lyon,3,2026-03-09,2026-03-13,4,204.0,816.0,4,OTA
1406,120,Paris Gare De Lyon,1,2025-05-20,2025-05-21,1,115.6,115.6,3,Direct
1407,130,New York Bowery,4,2026-04-25,2026-04-29,4,111.81,447.24,2,Corporate
1408,219,AMSTERDAM AMSTEL,2,2026-05-05,2026-05-10,5,166.85,834.25,5,Corporate
1409,119,London Bankside,3,2026-05-15,2026-05-17,2,186.49,372.98,,OTA
1410,380,London  Bankside,1,2025-04-04,2025-04-08,4,139.85,559.4,4,Corporate
1411,339,copenhagen islands brygge,4,2025-04-15,2025-04-22,7,109.9,769.3,4,Direct
1412,26,paris gare de lyon,4,2026-01-04,2026-01-10,6,105.9,635.4,4,Direct
1413,33,ROTTERDAM ,2,2025-06-09,2025-06-12,3,169.73,509.19,4,OTA
1414,127,Boston North Station,4,2025-09-13,2025-09-19,6,107.29,643.74,4,Direct
1415,272,Amsterdam Amstel,4,2026-06-10,2026-06-11,1,98.67,98.67,2,OTA
1416,26,london bankside,4,2025-10-26,2025-11-01,6,109.41,656.46,4,OTA
1417,92,boston north station,3,2025-04-23,2025-04-27,4,183.37,733.48,2,OTA
1418,84,Seattle South Lake Union,1,2026-01-05,2026-01-12,7,104.39,730.73,2,Corporate
1419,100,Copenhagen Islands Brygge,1,2025-07-20,2025-07-22,2,110.94,221.88,5,OTA
1420,139,Rotterdam,4,2025-01-22,2025-01-29,7,118.19,827.33,2,Corporate
1421,350,Rotterdam,4,2026-05-24,2026-05-27,3,119.84,359.52,3,OTA
1422,138,Copenhagen Islands Brygge,2,2026-04-09,2026-04-13,4,169.29,677.16,4,Direct
1423,278,copenhagen islands brygge,1,2025-05-26,2025-06-02,7,99.31,695.17,4,Corporate
1424,112,rotterdam,1,2025-06-05,2025-06-10,5,131.12,655.6,2,OTA
1425,210,Paris Gare De Lyon,2,2025-10-31,2025-11-06,6,135.1,810.6,4,Corporate
1426,50, Amsterdam Amstel ,2,2025-07-29,2025-08-04,6,161.5,969.0,,OTA
1427,81, New York Bowery,1,2025-03-27,2025-03-29,2,102.21,204.42,4,Corporate
1428,191,London  Bankside,2,2026-03-22,2026-03-27,5,152.87,764.35,5,OTA
1429,285,rotterdam,1,2026-02-03,2026-02-06,3,130.8,392.4,,Direct
1430,327,seattle south lake union,4,2025-09-08,2025-09-15,7,97.94,685.58,2,Corporate
1431,397,copenhagen islands brygge,1,2026-03-22,2026-03-28,6,111.01,666.06,4,Direct
1432,99,Paris Gare de Lyon,2,2025-01-18,2025-01-21,3,127.63,382.89,5,Direct
1433,291,Seattle  South Lake Union,1,2025-04-03,2025-04-07,4,117.57,470.28,2,OTA
1434,334,Boston North Station,2,2026-06-11,2026-06-17,6,165.99,995.94,3,Direct
1435,2,Paris Gare De Lyon,1,2025-01-06,2025-01-09,3,130.71,392.13,3,OTA
1436,324, Amsterdam Amstel ,1,2025-12-01,2025-12-08,7,108.75,761.25,3,Direct
1437,316,paris gare de lyon,2,2025-03-05,2025-03-06,1,154.79,154.79,5,OTA
1438,106,Paris Gare De Lyon,4,2025-07-28,2025-07-30,2,100.99,201.98,3,Direct
1439,204,Copenhagen Islands Brygge,4,2025-04-18,2025-04-20,2,97.08,194.16,5,OTA
1440,116,Paris Gare de Lyon,2,2025-04-12,2025-04-18,6,153.35,920.1,4,Direct
1441,245,London  Bankside,3,2025-01-21,2025-01-25,4,206.56,826.24,5,Corporate
1442,326,Paris Gare de Lyon,1,2025-09-30,2025-10-02,2,125.18,250.36,5,Direct
1443,304,london bankside,4,2025-09-10,2025-09-15,5,98.8,494.0,5,OTA
1444,357,copenhagen islands brygge,4,2026-01-29,2026-02-05,7,118.56,829.92,4,Direct
1445,167,paris gare de lyon,2,2025-10-07,2025-10-13,6,160.49,962.94,5,OTA
1446,138,AMSTERDAM AMSTEL,4,2025-05-27,2025-06-03,7,101.58,711.06,5,Direct
1447,12,copenhagen islands brygge,1,2026-04-14,2026-04-17,3,119.81,359.43,5,Direct
1448,259, New York Bowery,3,2025-04-26,2025-04-30,4,191.95,767.8,4,OTA
1449,150,london bankside,1,2025-09-29,2025-10-02,3,132.65,397.95,3,Direct
1450,17,Paris Gare de Lyon,2,2026-02-13,2026-02-15,2,127.27,254.54,3,Direct
1451,274,paris gare de lyon,3,2026-01-03,2026-01-08,5,186.84,934.2,3,OTA
1452,248, Amsterdam Amstel ,3,2025-08-31,2025-09-05,5,205.91,1029.55,4,Direct
1453,77,New York Bowery,4,2026-01-15,2026-01-16,1,93.59,93.59,2,Direct
1454,105,ROTTERDAM ,1,2026-01-02,2026-01-06,4,122.43,489.72,3,OTA
1455,230,boston north station,1,2026-05-30,2026-06-06,7,129.54,906.78,4,OTA
1456,58,Amsterdam Amstel,2,2026-03-14,2026-03-17,3,131.93,395.79,5,Corporate
1457,248,AMSTERDAM AMSTEL,3,2025-12-18,2025-12-22,4,240.34,961.36,4,Direct
1458,166,Paris Gare de Lyon,3,2026-03-23,2026-03-30,7,193.95,1357.65,4,OTA
1459,121, Amsterdam Amstel ,2,2025-10-29,2025-11-02,4,139.48,557.92,2,Corporate
1460,306,rotterdam,2,2026-03-24,2026-03-27,3,172.25,516.75,3,Direct
1461,148,London Bankside,3,2025-12-23,2025-12-25,2,223.13,446.26,,OTA
1462,35,Paris Gare de Lyon,4,2025-08-31,2025-09-07,7,109.57,766.99,4,Corporate
1463,178, New York Bowery,3,2025-11-25,2025-11-30,5,183.78,918.9,4,Corporate
1464,208,Rotterdam,1,2026-05-30,2026-06-02,3,124.91,374.73,5,Direct
1465,158, Amsterdam Amstel ,1,2025-09-22,2025-09-26,4,109.84,439.36,4,Corporate
1466,271,boston north station,3,2025-04-25,2025-05-02,7,204.97,1434.79,5,OTA
1467,309,boston north station,2,2025-02-07,2025-02-10,3,153.49,460.47,3,OTA
1468,103,London  Bankside,2,2026-06-18,2026-06-23,5,148.85,744.25,5,OTA
1469,90,london bankside,4,2026-05-02,2026-05-01,-1,92.49,-92.49,4,Direct
1470,339,copenhagen islands brygge,2,2025-12-02,2025-12-08,6,170.26,1021.56,5,OTA
1471,352,rotterdam,4,2025-07-12,2025-07-15,3,100.0,300.0,5,Direct
1472,159,Copenhagen Islands Brygge,2,2025-08-03,2025-08-10,7,157.77,1104.39,2,Direct
1473,313,Rotterdam,1,2025-02-07,2025-02-08,1,124.07,124.07,3,OTA
1474,49,Rotterdam,1,2026-02-24,2026-03-02,6,137.54,825.24,5,OTA
1475,299,boston north station,3,2026-03-25,2026-03-27,2,236.39,472.78,5,OTA
1476,380,Paris Gare De Lyon,1,2025-02-22,2025-02-24,2,117.33,234.66,3,Direct
1477,328,Boston North Station,4,2025-03-25,2025-03-29,4,97.97,391.88,5,Corporate
1478,106,london bankside,4,2026-05-24,2026-05-31,7,105.38,737.66,3,OTA
1479,271,amsterdam amstel,3,2026-03-21,2026-03-28,7,228.72,1601.04,5,Direct
1480,6,ROTTERDAM ,1,2025-06-20,2025-06-27,7,118.51,829.57,4,Direct
1481,192,New York Bowery,1,2025-11-17,2025-11-23,6,130.84,785.04,5,Direct
1482,65,Rotterdam,4,2025-01-21,2025-01-27,6,90.13,540.78,,OTA
1483,69,seattle south lake union,3,2025-12-24,2025-12-25,1,202.35,202.35,3,OTA
1484,146,London Bankside,3,2025-03-04,2025-03-06,2,224.13,448.26,4,OTA
1485,72,copenhagen islands brygge,4,2025-03-22,2025-03-24,2,104.87,209.74,3,OTA
1486,321,Amsterdam Amstel,3,2025-11-26,2025-12-03,7,233.72,1636.04,4,Corporate
1487,334,New York Bowery,3,2026-01-31,2026-02-07,7,214.31,1500.17,4,Direct
1488,202,Boston North Station,1,2025-05-18,2025-05-25,7,108.56,759.92,,OTA
1489,210,copenhagen islands brygge,1,2025-12-18,2025-12-20,2,120.83,241.66,5,Direct
1490,357,London  Bankside,4,2025-11-28,2025-12-04,6,98.22,589.32,5,Corporate
1491,20,Rotterdam,2,2025-01-02,2025-01-04,2,137.0,274.0,5,Direct
1492,325,london bankside,3,2025-10-05,2025-10-09,4,227.18,908.72,4,Direct
1493,254,AMSTERDAM AMSTEL,4,2025-09-24,2025-09-30,6,120.36,722.16,5,OTA
1494,392,boston north station,3,2025-11-24,2025-12-01,7,178.56,1249.92,4,Direct
1495,233,Seattle South Lake Union,3,2025-07-21,2025-07-22,1,202.22,202.22,3,Direct
1496,104,Boston North Station,3,2025-08-02,2025-08-07,5,209.62,1048.1,5,Direct
1497,114,ROTTERDAM ,2,2025-08-08,2025-08-12,4,151.5,1090.8,4,Direct
1498,99,london bankside,4,2025-01-24,2025-01-26,2,100.54,201.08,4,Corporate
1499,44,Paris Gare de Lyon,1,2025-12-31,2026-01-04,4,98.42,393.68,,Direct
1500,290,Boston North Station,2,2025-06-13,2025-06-16,3,168.51,505.53,,Direct
1501,325,Boston North Station,2,2025-05-28,2025-06-04,7,178.04,1246.28,3,Direct
1502,94,Copenhagen Islands Brygge,2,2026-01-18,2026-01-19,1,171.91,171.91,4,Corporate
1503,215,New York Bowery,1,2025-04-21,2025-04-26,5,100.35,501.75,2,Direct
1504,244,New York Bowery,1,2025-06-02,2025-06-07,5,128.38,641.9,4,Direct
1505,213,new york bowery,2,2025-03-13,2025-03-18,5,147.86,739.3,,Direct
1506,31,Rotterdam,1,2026-05-22,2026-05-24,2,139.75,279.5,,Direct
1507,98,Seattle South Lake Union,1,2026-04-08,2026-04-10,2,102.86,205.72,2,OTA
1508,200,London  Bankside,4,2025-05-26,2025-05-28,2,116.06,232.12,5,Direct
1509,86,London  Bankside,1,2026-05-01,2026-04-30,-1,111.46,-111.46,4,Corporate
1510,185,Paris Gare de Lyon,2,2025-04-06,2025-04-12,6,133.11,798.66,5,OTA
1511,157, Amsterdam Amstel ,4,2026-05-01,2026-05-03,2,86.36,172.72,2,Corporate
1512,241,New York Bowery,4,2025-03-22,2025-03-28,6,116.6,699.6,5,OTA
1513,184,ROTTERDAM ,3,2025-04-25,2025-04-29,4,178.1,712.4,4,OTA
1514,221,London Bankside,4,2025-10-20,2025-10-26,6,105.86,635.16,5,OTA
1515,238,Paris Gare de Lyon,4,2025-03-02,2025-03-03,1,95.73,95.73,5,OTA
1516,57,London  Bankside,1,2026-05-18,2026-05-21,3,122.83,368.49,,Direct
1517,312,new york bowery,2,2025-07-22,2025-07-29,7,137.91,965.37,3,Direct
1518,61,amsterdam amstel,2,2026-06-25,2026-06-29,4,149.1,596.4,5,OTA
1519,381,Seattle  South Lake Union,2,2025-01-15,2025-01-18,3,125.18,375.54,,Direct
1520,150,Copenhagen Islands Brygge,4,2026-04-10,2026-04-12,2,108.76,108.76,4,Direct
1521,197,Amsterdam Amstel,2,2025-08-29,2025-08-31,2,136.31,272.62,3,OTA
1522,5,AMSTERDAM AMSTEL,3,2025-11-04,2025-11-09,5,241.99,1209.95,3,Corporate
1523,12,Amsterdam Amstel,3,2025-08-13,2025-08-15,2,237.41,474.82,3,Direct
1524,48,london bankside,3,2025-09-23,2025-09-26,3,227.5,682.5,5,Direct
1525,36,Boston North Station,3,2025-07-28,2025-07-31,3,191.1,573.3,5,OTA
1526,298,boston north station,3,2026-02-19,2026-02-23,4,224.24,896.96,3,Direct
1527,260,London  Bankside,2,2025-05-22,2025-05-28,6,149.94,899.64,5,OTA
1528,18,Copenhagen Islands Brygge,3,2026-05-28,2026-05-29,1,222.18,222.18,5,Corporate
1529,160,new york bowery,2,2025-08-16,2025-08-19,3,126.07,378.21,4,OTA
1530,282,Rotterdam,1,2026-03-05,2026-03-06,1,132.38,132.38,4,Corporate
1531,17,Copenhagen Islands Brygge,1,2026-04-21,2026-04-26,5,100.51,502.55,,OTA
1532,45,paris gare de lyon,1,2025-04-02,2025-04-08,6,137.66,825.96,4,Direct
1533,16,London Bankside,3,2026-06-30,2026-07-06,6,207.73,1246.38,4,Corporate
1534,336, Amsterdam Amstel ,2,2025-05-28,2025-06-01,4,137.26,549.04,2,Direct
1535,122,london bankside,1,2026-01-10,2026-01-14,4,132.92,531.68,5,OTA
1536,216,ROTTERDAM ,1,2026-05-18,2026-05-22,4,105.21,420.84,4,OTA
1537,232,paris gare de lyon,1,2026-06-06,2026-06-10,4,128.78,515.12,4,Direct
1538,40,paris gare de lyon,4,2026-02-23,2026-03-02,7,104.9,734.3,5,Direct
1539,186,amsterdam amstel,1,2025-02-07,2025-02-11,4,102.85,411.4,3,Corporate
1540,161,Paris Gare de Lyon,3,2025-08-03,2025-08-06,3,224.99,674.97,2,Direct
1541,222,ROTTERDAM ,3,2025-12-31,2026-01-02,2,213.56,427.12,2,Corporate
1542,52,London Bankside,4,2025-07-20,2025-07-25,5,105.69,528.45,5,Direct
1543,347,new york bowery,3,2026-05-28,2026-06-04,7,231.06,1617.42,3,OTA
1544,208,AMSTERDAM AMSTEL,3,2025-01-19,2025-01-22,3,231.83,695.49,4,Corporate
1545,372,Boston North Station,2,2025-09-11,2025-09-18,7,164.48,1151.36,3,OTA
1546,374,London  Bankside,4,2025-02-24,2025-02-25,1,87.87,87.87,4,OTA
1547,46,Amsterdam Amstel,3,2025-02-03,2025-02-04,1,239.58,239.58,4,Direct
1548,285,Seattle  South Lake Union,4,2025-02-16,2025-02-23,7,119.12,833.84,4,Corporate
1549,51, Amsterdam Amstel ,3,2026-04-23,2026-04-30,7,235.67,1649.69,4,Direct
1550,85,ROTTERDAM ,1,2025-01-24,2025-01-28,4,122.43,489.72,5,Direct
1551,390,Seattle  South Lake Union,1,2025-08-21,2025-08-25,4,116.22,464.88,3,Direct
1552,67,Seattle South Lake Union,2,2026-01-29,2026-02-01,3,168.18,504.54,5,OTA
1553,4,Copenhagen Islands Brygge,2,2025-10-21,2025-10-26,5,165.29,826.45,4,OTA
1554,132,Paris Gare De Lyon,3,2025-07-18,2025-07-25,7,186.22,1303.54,4,Direct
1555,309,AMSTERDAM AMSTEL,4,2025-12-27,2026-01-03,7,100.64,704.48,2,Corporate
1556,296,London Bankside,3,2025-05-26,2025-05-27,1,225.73,225.73,5,Direct
1557,112,Seattle South Lake Union,2,2026-01-08,2026-01-09,1,178.2,178.2,5,OTA
1558,384, New York Bowery,1,2025-08-16,2025-08-21,5,121.72,608.6,4,Direct
1559,218,London  Bankside,1,2025-01-16,2025-01-19,3,100.14,300.42,4,Corporate
1560,207,copenhagen islands brygge,2,2025-08-25,2025-08-31,6,159.26,955.56,5,Direct
1560,207,copenhagen islands brygge,2,2025-08-25,2025-08-31,6,159.26,955.56,5,Direct
1561,390,Amsterdam Amstel,3,2026-05-26,2026-05-30,4,245.22,980.88,2,Direct
1562,173, New York Bowery,3,2025-04-24,2025-04-26,2,175.87,351.74,5,Direct
1563,255,ROTTERDAM ,1,2025-12-16,2025-12-19,3,114.51,343.53,5,OTA
1564,197, New York Bowery,1,2025-06-07,2025-06-10,3,117.07,351.21,4,Direct
1565,19,Seattle South Lake Union,3,2025-03-08,2025-03-12,4,204.93,819.72,3,Corporate
1566,273,boston north station,2,2026-05-08,2026-05-14,6,137.14,822.84,5,OTA
1567,152,paris gare de lyon,1,2025-11-05,2025-11-10,5,128.87,644.35,,OTA
1568,351,boston north station,4,2025-06-01,2025-06-05,4,105.12,420.48,5,Direct
1569,335,AMSTERDAM AMSTEL,4,2025-07-31,2025-08-02,2,88.07,176.14,3,OTA
1570,214,copenhagen islands brygge,2,2026-01-02,2026-01-07,5,174.76,873.8,3,OTA
1571,265, Amsterdam Amstel ,4,2025-08-28,2025-08-30,2,98.22,196.44,3,Corporate
1572,103,paris gare de lyon,4,2025-03-27,2025-03-30,3,102.58,307.74,5,Corporate
1573,257,AMSTERDAM AMSTEL,4,2026-05-27,2026-06-02,6,95.18,571.08,4,Direct
1574,93,Boston North Station,4,2025-08-04,2025-08-11,7,117.32,821.24,3,OTA
1575,53,paris gare de lyon,1,2025-03-18,2025-03-25,7,114.28,799.96,2,Direct
1576,400,Paris Gare de Lyon,3,2025-06-11,2025-06-16,5,198.22,991.1,3,OTA
1577,54,Rotterdam,4,2025-01-09,2025-01-11,2,116.15,232.3,4,OTA
1578,137,Amsterdam Amstel,2,2026-02-12,2026-02-15,3,129.41,388.23,5,Direct
1579,42,amsterdam amstel,4,2025-07-18,2025-07-22,4,86.99,347.96,5,Corporate
1580,212,New York Bowery,4,2025-07-07,2025-07-10,3,99.82,299.46,4,Direct
1581,222,boston north station,2,2025-01-06,2025-01-11,5,156.39,781.95,4,OTA
1582,358,Rotterdam,2,2025-08-19,2025-08-21,2,133.89,267.78,4,Direct
1583,114,london bankside,3,2025-02-18,2025-02-21,3,212.68,638.04,4,Direct
1584,233,Rotterdam,2,2025-11-08,2025-11-11,3,157.8,473.4,,Direct
1585,2,copenhagen islands brygge,4,2026-05-23,2026-05-26,3,117.67,353.01,5,Direct
1586,24,Paris Gare De Lyon,2,2025-07-10,2025-07-17,7,145.75,1020.25,5,OTA
1587,278,boston north station,1,2025-08-19,2025-08-21,2,113.29,226.58,3,OTA
1588,79,London Bankside,3,2025-12-06,2025-12-09,3,174.59,523.77,3,Corporate
1589,208,amsterdam amstel,3,2025-08-02,2025-08-07,5,228.75,1143.75,4,OTA
1590,219,Paris Gare De Lyon,2,2025-01-08,2025-01-15,7,144.38,1010.66,3,OTA
1591,47,boston north station,2,2025-02-28,2025-03-04,4,166.88,667.52,4,Direct
1592,102,seattle south lake union,1,2026-05-08,2026-05-12,4,114.31,457.24,5,OTA
1593,290,Boston North Station,2,2026-04-04,2026-04-07,3,169.4,508.2,4,Direct
1594,191,london bankside,2,2026-02-15,2026-02-17,2,172.64,345.28,4,OTA
1595,197,copenhagen islands brygge,1,2025-05-26,2025-06-01,6,125.17,751.02,,OTA
1596,71,boston north station,3,2025-03-04,2025-03-06,2,178.11,356.22,3,Corporate
1596,71,boston north station,3,2025-03-04,2025-03-06,2,178.11,356.22,3,Corporate
1597,108,london bankside,2,2025-04-13,2025-04-18,5,141.75,708.75,5,Direct
1598,72,Seattle  South Lake Union,3,2026-04-23,2026-04-28,5,198.4,992.0,4,Direct
1599,131, New York Bowery,3,2025-04-23,2025-04-28,5,240.23,2162.07,,Direct
1600,121,New York Bowery,2,2026-03-17,2026-03-20,3,173.62,520.86,4,OTA
1601,30,copenhagen islands brygge,3,2026-05-31,2026-06-07,7,225.68,1579.76,3,Corporate
1602,208,Seattle South Lake Union,2,2025-01-19,2025-01-25,6,147.22,883.32,4,OTA
1603,192,ROTTERDAM ,1,2026-02-06,2026-02-08,2,105.63,211.26,5,OTA
1604,388,Copenhagen Islands Brygge,3,2026-04-03,2026-04-05,2,184.37,368.74,4,Direct
1605,126,Paris Gare de Lyon,3,2025-03-31,2025-04-03,3,183.33,275.0,2,Direct
1606,1,copenhagen islands brygge,3,2025-12-17,2025-12-24,7,242.89,1700.23,3,Direct
1607,368,Amsterdam Amstel,2,2025-03-18,2025-03-19,1,129.79,129.79,4,OTA
1608,153,Paris Gare de Lyon,4,2025-04-06,2025-04-07,1,93.94,93.94,5,Direct
1609,249,paris gare de lyon,1,2025-11-25,2025-11-29,4,102.94,411.76,2,Direct
1610,201,Copenhagen Islands Brygge,3,2025-08-12,2025-08-18,6,241.12,2604.1,3,OTA
1611,218,london bankside,2,2025-08-17,2025-08-23,6,179.76,1078.56,2,OTA
1612,154,london bankside,2,2025-07-24,2025-07-30,6,144.5,867.0,5,OTA
1613,338,seattle south lake union,4,2026-06-20,2026-06-23,3,101.47,304.41,5,OTA
1614,320,Boston North Station,1,2025-10-12,2025-10-16,4,118.74,474.96,4,Direct
1615,318,london bankside,2,2025-06-26,2025-06-29,3,127.39,382.17,3,Corporate
1616,394,Boston North Station,4,2025-06-22,2025-06-24,2,101.78,203.56,3,Direct
1617,390,Seattle  South Lake Union,1,2025-06-19,2025-06-22,3,131.79,395.37,3,OTA
1618,353, Amsterdam Amstel ,4,2025-06-27,2025-06-29,2,113.39,226.78,5,Direct
1619,173, New York Bowery,3,2026-05-09,2026-05-15,6,183.28,1099.68,5,OTA
1620,245,amsterdam amstel,1,2025-09-26,2025-10-02,6,111.39,668.34,2,Corporate
1621,109,boston north station,4,2025-02-22,2025-02-26,4,88.63,354.52,4,Corporate
1622,348,Seattle South Lake Union,4,2025-08-28,2025-09-01,4,116.25,465.0,4,Corporate
1623,191,London  Bankside,1,2025-03-03,2025-03-05,2,138.41,276.82,,OTA
1624,333,AMSTERDAM AMSTEL,4,2025-01-21,2025-01-24,3,99.31,297.93,,Direct
1625,137,new york bowery,4,2026-06-06,2026-06-08,2,100.56,201.12,,Direct
1626,70,London  Bankside,2,2025-07-07,2025-07-11,4,172.78,691.12,5,OTA
1627,332,Seattle  South Lake Union,4,2025-12-03,2025-12-05,2,98.02,196.04,5,OTA
1628,349,new york bowery,2,2026-06-12,2026-06-18,6,172.24,1033.44,,Corporate
1629,344,Rotterdam,3,2025-05-22,2025-05-24,2,222.6,445.2,3,Direct
1630,16,copenhagen islands brygge,4,2026-02-05,2026-02-07,2,87.83,175.66,4,Direct
1631,316,Paris Gare De Lyon,1,2025-06-13,2025-06-17,4,104.81,419.24,3,OTA
1632,4,Seattle  South Lake Union,4,2025-11-12,2025-11-17,5,100.9,504.5,5,OTA
1633,346,New York Bowery,2,2025-12-01,2025-12-04,3,160.67,482.01,4,OTA
1634,14,copenhagen islands brygge,4,2025-07-03,2025-07-04,1,116.64,116.64,5,OTA
1635,288,Boston North Station,3,2025-09-09,2025-09-16,7,181.19,1268.33,4,OTA
1636,3,Seattle  South Lake Union,4,2026-01-21,2026-01-27,6,93.93,563.58,3,Direct
1637,335,Boston North Station,1,2025-12-03,2025-12-04,1,117.67,117.67,,OTA
1638,22,copenhagen islands brygge,4,2025-02-19,2025-02-21,2,109.41,218.82,4,Direct
1639,213,Paris Gare De Lyon,2,2025-10-31,2025-11-07,7,154.38,1080.66,5,Direct
1640,95,ROTTERDAM ,4,2025-10-10,2025-10-11,1,106.01,106.01,4,Direct
1641,208,paris gare de lyon,4,2025-05-16,2025-05-17,1,105.65,105.65,3,Direct
1642,100,paris gare de lyon,3,2025-10-15,2025-10-18,3,230.81,692.43,4,Corporate
1643,42,Seattle South Lake Union,2,2025-01-12,2025-01-18,6,170.16,1020.96,4,Corporate
1644,80,Amsterdam Amstel,2,2026-04-15,2026-04-18,3,135.25,405.75,5,Direct
1645,1,copenhagen islands brygge,2,2025-10-28,2025-10-30,2,132.49,264.98,,Corporate
1646,257,copenhagen islands brygge,1,2026-06-30,2026-07-07,7,114.11,798.77,5,Direct
1647,61,Boston North Station,3,2026-04-08,2026-04-12,4,198.03,792.12,2,OTA
1648,20,new york bowery,4,2026-02-17,2026-02-24,7,114.97,804.79,2,Direct
1649,342,boston north station,2,2025-05-19,2025-05-25,6,139.37,836.22,2,Direct
1650,197,Paris Gare de Lyon,4,2026-02-12,2026-02-13,1,121.55,121.55,2,Corporate
1651,378,Paris Gare De Lyon,2,2025-08-09,2025-08-12,3,165.96,497.88,2,Direct
1652,96,Seattle  South Lake Union,3,2026-03-21,2026-03-22,1,188.78,188.78,5,Corporate
1653,168,New York Bowery,2,2026-06-25,2026-07-01,6,167.6,1005.6,4,Direct
1653,168,New York Bowery,2,2026-06-25,2026-07-01,6,167.6,1005.6,4,Direct
1654,153,london bankside,1,2026-04-23,2026-04-27,4,125.0,500.0,4,Corporate
1655,146,New York Bowery,1,2025-08-11,2025-08-14,3,107.0,321.0,5,OTA
1656,330,AMSTERDAM AMSTEL,3,2026-01-28,2026-01-31,3,229.51,688.53,4,Direct
1657,266,Paris Gare de Lyon,2,2025-08-28,2025-08-31,3,126.82,380.46,2,Direct
1658,65,boston north station,1,2026-01-14,2026-01-18,4,136.44,545.76,4,Direct
1659,52,copenhagen islands brygge,4,2025-12-08,2025-12-12,4,114.55,458.2,5,Direct
1660,132,boston north station,1,2025-06-17,2025-06-20,3,101.26,303.78,4,Direct
1660,132,boston north station,1,2025-06-17,2025-06-20,3,101.26,303.78,4,Direct
1661,254,seattle south lake union,2,2025-06-23,2025-06-24,1,179.07,179.07,2,OTA
1662,76,Paris Gare de Lyon,3,2025-03-14,2025-03-19,5,206.71,1033.55,5,OTA
1663,230,boston north station,3,2025-01-01,2025-01-08,7,202.7,1418.9,3,OTA
1664,3,Rotterdam,4,2026-02-28,2026-03-03,3,114.27,342.81,5,OTA
1665,248,Rotterdam,2,2025-06-20,2025-06-27,7,144.4,1010.8,2,Corporate
1666,182,London  Bankside,1,2025-12-19,2025-12-22,3,101.55,304.65,4,Direct
1667,128,copenhagen islands brygge,1,2026-02-12,2026-02-13,1,133.91,241.04,5,Direct
1668,61,rotterdam,3,2025-01-19,2025-01-26,7,239.89,1679.23,4,OTA
1669,196, New York Bowery,4,2025-06-14,2025-06-21,7,113.29,793.03,4,OTA
1670,338,Boston North Station,4,2025-01-13,2025-01-15,2,91.48,182.96,4,Direct
1671,105,Copenhagen Islands Brygge,2,2025-12-17,2025-12-23,6,136.22,817.32,5,Direct
1672,250,AMSTERDAM AMSTEL,1,2026-06-02,2026-06-08,6,122.45,734.7,5,Direct
1673,359,London  Bankside,1,2025-10-16,2025-10-23,7,102.11,714.77,4,Direct
1674,142,ROTTERDAM ,3,2025-02-18,2025-02-21,3,200.29,600.87,4,Direct
1675,345,Seattle  South Lake Union,2,2025-05-31,2025-06-01,1,158.49,158.49,5,Corporate
1676,246,boston north station,1,2026-06-29,2026-07-05,6,131.78,790.68,3,Direct
1677,294,London  Bankside,3,2025-09-07,2025-09-12,5,236.36,1181.8,2,OTA
1678,168,Paris Gare de Lyon,4,2025-01-03,2025-01-06,3,86.02,258.06,4,Corporate
1679,285,rotterdam,4,2025-01-07,2025-01-09,2,105.14,210.28,5,Direct
1680,5,new york bowery,3,2025-02-15,2025-02-17,2,237.16,474.32,2,Direct
1681,111,London Bankside,1,2025-05-02,2025-05-04,2,130.4,260.8,4,Direct
1682,353,Rotterdam,2,2026-04-17,2026-04-24,7,151.09,1057.63,3,OTA
1683,22,paris gare de lyon,1,2026-03-17,2026-03-18,1,140.26,140.26,5,Corporate
1684,23,Boston North Station,3,2025-10-20,2025-10-26,6,215.84,1295.04,4,Direct
1685,368,Amsterdam Amstel,4,2025-12-23,2025-12-29,6,93.53,561.18,5,Direct
1686,306,Paris Gare de Lyon,3,2025-06-02,2025-06-03,1,207.53,207.53,2,OTA
1687,216,Copenhagen Islands Brygge,2,2025-11-14,2025-11-19,5,149.99,749.95,4,Direct
1688,33,new york bowery,3,2026-06-01,2026-06-04,3,198.41,595.23,5,OTA
1689,255,london bankside,1,2025-11-20,2025-11-24,4,121.06,484.24,4,Corporate
1690,303,New York Bowery,3,2025-11-11,2025-11-15,4,174.38,697.52,5,Corporate
1691,240,ROTTERDAM ,1,2025-11-23,2025-11-29,6,123.07,738.42,3,OTA
1692,298,boston north station,2,2026-03-16,2026-03-19,3,131.94,395.82,4,Direct
1693,281,seattle south lake union,1,2026-01-19,2026-01-25,6,131.76,790.56,5,Direct
1694,329,New York Bowery,1,2025-07-10,2025-07-12,2,113.79,227.58,3,OTA
1695,350,Seattle South Lake Union,2,2025-08-04,2025-08-09,5,147.61,738.05,4,OTA
1696,236,paris gare de lyon,4,2025-07-11,2025-07-14,3,103.49,310.47,4,OTA
1697,70,Paris Gare de Lyon,2,2025-07-06,2025-07-07,1,139.08,139.08,4,OTA
1698,143,Paris Gare De Lyon,3,2025-05-22,2025-05-24,2,207.5,415.0,3,OTA
1698,143,Paris Gare De Lyon,3,2025-05-22,2025-05-24,2,207.5,415.0,3,OTA
1699,165,seattle south lake union,1,2025-12-03,2025-12-10,7,113.02,791.14,5,Direct
1700,283,London Bankside,2,2025-05-08,2025-05-07,-1,168.95,-168.95,3,OTA
1701,66,Copenhagen Islands Brygge,4,2026-04-06,2026-04-10,4,93.24,372.96,3,Direct
1702,374,copenhagen islands brygge,4,2025-01-29,2025-02-05,7,93.38,653.66,3,Direct
1703,320,Rotterdam,3,2025-05-19,2025-05-25,6,225.13,1350.78,5,Corporate
1704,139,paris gare de lyon,1,2026-03-21,2026-03-25,4,114.09,456.36,5,Corporate
1705,82,AMSTERDAM AMSTEL,1,2025-02-10,2025-02-12,2,106.42,212.84,4,Direct
1706,374,boston north station,1,2025-10-17,2025-10-22,5,111.84,559.2,3,OTA
1707,295,Seattle  South Lake Union,3,2025-03-21,2025-03-24,3,223.48,670.44,4,Direct
1708,214,New York Bowery,4,2025-10-31,2025-11-02,2,113.82,227.64,5,Direct
1709,281,Paris Gare De Lyon,1,2025-04-17,2025-04-20,3,122.62,367.86,,Direct
1710,380,seattle south lake union,2,2025-05-21,2025-05-23,2,179.15,358.3,5,Corporate
1711,204,paris gare de lyon,4,2026-06-01,2026-06-07,6,117.7,706.2,3,OTA
1712,169,Seattle South Lake Union,3,2025-03-11,2025-03-15,4,199.16,796.64,3,Corporate
1713,157,rotterdam,4,2025-10-05,2025-10-09,4,111.32,445.28,5,OTA
1714,348,Copenhagen Islands Brygge,2,2025-01-04,2025-01-11,7,176.16,1233.12,2,Direct
1715,214,amsterdam amstel,1,2026-01-29,2026-02-02,4,102.41,409.64,4,OTA
1716,256,boston north station,4,2025-11-27,2025-11-30,3,99.12,297.36,4,OTA
1717,3,copenhagen islands brygge,1,2025-02-23,2025-02-27,4,112.82,451.28,2,OTA
1718,37, Amsterdam Amstel ,4,2026-01-27,2026-01-30,3,89.55,268.65,5,Corporate
1719,3,seattle south lake union,2,2025-07-26,2025-07-28,2,175.82,351.64,5,OTA
1720,374,Seattle South Lake Union,1,2026-04-09,2026-04-10,1,115.9,115.9,5,Corporate
1721,330, New York Bowery,4,2025-03-04,2025-03-06,2,111.86,223.72,3,OTA
1722,109,Boston North Station,3,2025-01-13,2025-01-18,5,218.33,1091.65,5,OTA
1723,173,paris gare de lyon,2,2025-10-03,2025-10-04,1,146.74,146.74,5,Direct
1724,385,rotterdam,4,2025-11-03,2025-11-08,5,86.04,430.2,3,Direct
1725,337,amsterdam amstel,4,2025-01-02,2025-01-04,2,95.04,190.08,5,Direct
1726,267,paris gare de lyon,3,2025-01-18,2025-01-22,4,193.7,774.8,4,Direct
1727,273,seattle south lake union,4,2026-04-17,2026-04-20,3,121.82,365.46,5,Direct
1728,2,Paris Gare de Lyon,2,2025-11-24,2025-12-01,7,173.68,1215.76,5,Direct
1729,220,New York Bowery,1,2026-01-05,2026-01-11,6,129.34,776.04,4,Direct
1730,228,New York Bowery,2,2025-01-03,2025-01-07,4,171.99,687.96,4,OTA
1731,277,london bankside,2,2025-10-29,2025-11-05,7,146.31,1024.17,4,Direct
1732,79,AMSTERDAM AMSTEL,2,2025-05-17,2025-05-21,4,137.34,549.36,5,OTA
1733,117,Paris Gare de Lyon,4,2025-02-27,2025-02-28,1,115.77,115.77,4,OTA
1734,344,Seattle South Lake Union,3,2026-04-23,2026-04-27,4,223.27,893.08,5,Corporate
1735,277,London  Bankside,1,2026-04-09,2026-04-15,6,120.52,723.12,4,OTA
1736,262,boston north station,4,2025-06-21,2025-06-25,4,93.48,373.92,3,OTA
1737,351,Paris Gare de Lyon,4,2026-02-13,2026-02-14,1,108.06,108.06,4,OTA
1738,46,ROTTERDAM ,1,2025-06-08,2025-06-13,5,121.64,608.2,4,OTA
1739,4,AMSTERDAM AMSTEL,4,2026-02-02,2026-02-08,6,122.2,733.2,,OTA
1740,302,Seattle South Lake Union,2,2026-02-01,2026-02-06,5,137.94,689.7,3,Direct
1741,125,Seattle South Lake Union,3,2025-02-15,2025-02-19,4,204.89,819.56,3,OTA
1742,182,new york bowery,4,2025-01-14,2025-01-21,7,94.47,661.29,4,OTA
1743,324,rotterdam,1,2025-11-22,2025-11-26,4,99.53,398.12,4,OTA
1744,141, New York Bowery,3,2025-09-27,2025-09-28,1,244.33,244.33,4,Corporate
1745,334,Seattle South Lake Union,1,2025-06-06,2025-06-08,2,132.69,265.38,3,Direct
1746,381,Copenhagen Islands Brygge,1,2026-03-25,2026-04-01,7,117.56,822.92,4,Corporate
1747,219,boston north station,3,2025-09-27,2025-10-01,4,213.53,854.12,3,Direct
1748,12,copenhagen islands brygge,1,2026-03-19,2026-03-21,2,124.83,249.66,5,OTA
1749,256,ROTTERDAM ,3,2026-04-09,2026-04-15,6,215.57,1293.42,4,OTA
1750,364,Copenhagen Islands Brygge,1,2025-05-20,2025-05-25,5,112.55,562.75,5,OTA
1751,193,Boston North Station,3,2025-03-12,2025-03-17,5,225.96,1129.8,2,Direct
1752,150,new york bowery,4,2026-04-28,2026-05-04,6,92.21,553.26,4,Direct
1753,380,seattle south lake union,1,2026-03-11,2026-03-12,1,112.78,112.78,4,Direct
1754,147,London  Bankside,1,2025-08-22,2025-08-29,7,134.63,942.41,2,Direct
1755,356,Boston North Station,4,2026-04-06,2026-04-09,3,123.36,370.08,4,Corporate
1756,395,New York Bowery,1,2025-06-05,2025-06-09,4,125.76,503.04,5,OTA
1757,286,Paris Gare de Lyon,2,2026-03-02,2026-03-06,4,131.95,527.8,2,Direct
1757,286,Paris Gare de Lyon,2,2026-03-02,2026-03-06,4,131.95,527.8,2,Direct
1758,202,ROTTERDAM ,2,2025-10-12,2025-10-14,2,176.35,352.7,4,OTA
1759,107,Amsterdam Amstel,4,2026-03-10,2026-03-15,5,101.5,507.5,5,Direct
1760,326,Rotterdam,3,2025-10-10,2025-10-17,7,190.84,1335.88,4,Corporate
1761,185,boston north station,4,2025-11-11,2025-11-13,2,99.82,199.64,3,Direct
1762,35,Copenhagen Islands Brygge,3,2026-01-26,2026-01-31,5,197.01,985.05,4,Direct
1763,153,Boston North Station,1,2025-01-27,2025-01-29,2,140.34,280.68,3,OTA
1764,33,rotterdam,2,2025-10-05,2025-10-12,7,163.09,1141.63,2,OTA
1765,1, New York Bowery,3,2026-04-26,2026-05-03,7,187.75,1314.25,4,Direct
1766,298,seattle south lake union,2,2025-06-02,2025-06-05,3,139.6,418.8,5,Direct
1767,33,Rotterdam,2,2025-01-09,2025-01-12,3,143.02,429.06,5,Direct
1768,358,New York Bowery,3,2026-05-30,2026-05-31,1,224.77,224.77,3,OTA
1769,34,Rotterdam,3,2025-08-23,2025-08-27,4,201.29,805.16,5,OTA
1770,24,Seattle South Lake Union,4,2026-06-22,2026-06-25,3,90.4,271.2,5,OTA
1771,220,amsterdam amstel,2,2025-09-08,2025-09-15,7,145.8,1020.6,,Direct
1772,95,New York Bowery,4,2025-12-10,2025-12-16,6,98.24,589.44,4,OTA
1773,149,London Bankside,2,2025-01-28,2025-02-01,4,127.14,508.56,5,OTA
1774,206,Amsterdam Amstel,4,2025-09-13,2025-09-15,2,105.23,210.46,4,Direct
1775,67, New York Bowery,2,2025-06-30,2025-07-01,1,132.88,132.88,5,Direct
1776,108,boston north station,2,2025-04-14,2025-04-16,2,134.79,269.58,2,Direct
1777,376,Paris Gare de Lyon,3,2025-12-10,2025-12-17,7,221.45,1550.15,3,OTA
1778,220,boston north station,1,2025-06-27,2025-06-30,3,116.85,350.55,4,OTA
1779,385,new york bowery,4,2026-04-30,2026-05-06,6,116.7,700.2,3,Corporate
1780,183,Seattle South Lake Union,4,2025-04-05,2025-04-08,3,123.4,370.2,2,Corporate
1781,250,london bankside,4,2025-06-11,2025-06-14,3,118.65,355.95,2,Direct
1782,128,Rotterdam,4,2026-01-15,2026-01-17,2,102.28,204.56,5,Direct
1783,120,ROTTERDAM ,3,2025-08-02,2025-08-07,5,222.22,1111.1,4,OTA
1784,128,ROTTERDAM ,2,2025-10-24,2025-10-26,2,164.41,328.82,5,OTA
1785,42,rotterdam,2,2026-04-14,2026-04-21,7,177.03,1239.21,3,Corporate
1786,281,boston north station,3,2026-05-28,2026-06-03,6,220.66,1323.96,4,OTA
1787,328,Seattle  South Lake Union,2,2025-03-21,2025-03-25,4,172.94,691.76,3,Direct
1788,237, New York Bowery,1,2025-01-30,2025-02-01,2,133.26,266.52,,OTA
1789,141,Amsterdam Amstel,4,2026-05-09,2026-05-14,5,86.23,431.15,2,OTA
1790,147,Paris Gare de Lyon,4,2025-07-21,2025-07-26,5,115.25,576.25,4,Corporate
1791,360,paris gare de lyon,3,2025-12-19,2025-12-26,7,239.44,1676.08,4,OTA
1792,111,Boston North Station,4,2025-09-26,2025-10-01,5,88.54,442.7,4,Direct
1793,318,Seattle South Lake Union,4,2026-04-08,2026-04-14,6,111.41,668.46,3,OTA
1794,56,london bankside,2,2025-12-25,2026-01-01,7,126.63,886.41,3,Corporate
1795,100,Amsterdam Amstel,2,2025-08-26,2025-08-29,3,137.08,411.24,2,OTA
1796,145,Boston North Station,1,2025-09-29,2025-09-30,1,139.74,139.74,5,Direct
1797,54,Boston North Station,4,2025-01-11,2025-01-14,3,112.49,337.47,4,Direct
1798,78,Paris Gare de Lyon,4,2026-03-04,2026-03-05,1,106.18,106.18,4,OTA
1799,63,Boston North Station,2,2025-09-22,2025-09-27,5,177.06,885.3,5,Direct
1800,218,New York Bowery,1,2026-05-05,2026-05-10,5,102.29,511.45,4,OTA
1801,247,london bankside,1,2025-03-30,2025-04-06,7,106.96,748.72,4,Corporate
1802,156,amsterdam amstel,4,2025-01-05,2025-01-07,2,105.29,210.58,4,Direct
1803,154,Seattle  South Lake Union,3,2025-05-20,2025-05-24,4,175.78,703.12,3,Direct
1804,195,rotterdam,3,2026-03-15,2026-03-17,2,188.16,376.32,,Direct
1805,195,London  Bankside,1,2025-10-21,2025-10-23,2,104.72,209.44,5,OTA
1806,170,Rotterdam,1,2026-02-25,2026-03-02,5,140.21,701.05,4,Corporate
1807,166,Rotterdam,2,2026-05-24,2026-05-30,6,129.27,775.62,4,Direct
1808,278,Seattle  South Lake Union,3,2026-06-18,2026-06-23,5,197.23,986.15,5,OTA
1809,190,Amsterdam Amstel,1,2025-12-15,2025-12-19,4,139.04,556.16,3,OTA
1810,230,Paris Gare de Lyon,1,2026-04-12,2026-04-14,2,103.91,207.82,2,Corporate
1811,12,AMSTERDAM AMSTEL,1,2025-03-26,2025-03-29,3,126.61,379.83,,Direct
1812,134,Copenhagen Islands Brygge,1,2026-06-09,2026-06-13,4,102.57,738.5,2,Direct
1813,70,london bankside,2,2025-01-08,2025-01-12,4,135.78,543.12,4,OTA
1814,76,Paris Gare De Lyon,2,2025-06-29,2025-07-04,5,125.83,629.15,4,OTA
1815,1,Boston North Station,3,2025-04-05,2025-04-06,1,212.0,212.0,4,Direct
1816,342,new york bowery,1,2025-11-18,2025-11-20,2,132.1,264.2,4,OTA
1817,149,AMSTERDAM AMSTEL,1,2026-01-04,2026-01-08,4,99.88,399.52,3,OTA
1818,13,Amsterdam Amstel,3,2025-04-15,2025-04-20,5,235.62,1178.1,3,OTA
1819,390,Paris Gare De Lyon,1,2025-09-26,2025-09-29,3,115.98,347.94,4,OTA
1820,198,New York Bowery,2,2025-12-19,2025-12-23,4,156.19,624.76,5,OTA
1821,75,London  Bankside,1,2025-08-16,2025-08-23,7,129.73,908.11,5,OTA
1822,164,Copenhagen Islands Brygge,3,2025-11-27,2025-11-30,3,229.39,688.17,5,Direct
1823,295,Boston North Station,1,2026-03-06,2026-03-11,5,122.8,614.0,5,OTA
1824,194,Copenhagen Islands Brygge,1,2025-02-19,2025-02-23,4,118.14,472.56,5,Direct
1825,228,Rotterdam,4,2025-04-06,2025-04-08,2,106.79,213.58,,Corporate
1826,100, Amsterdam Amstel ,4,2026-02-13,2026-02-18,5,109.83,549.15,5,Direct
1827,166,Seattle South Lake Union,1,2026-06-29,2026-07-02,3,108.58,325.74,5,Corporate
1828,41, Amsterdam Amstel ,4,2025-05-10,2025-05-13,3,98.08,294.24,2,Corporate
1829,145,rotterdam,1,2026-01-29,2026-01-31,2,122.65,245.3,4,Corporate
1830,114,New York Bowery,2,2025-12-13,2025-12-19,6,145.05,870.3,4,OTA
1831,199,Paris Gare De Lyon,2,2025-02-17,2025-02-20,3,171.14,513.42,2,OTA
1832,51,Seattle South Lake Union,4,2025-10-30,2025-11-01,2,117.01,234.02,4,OTA
1833,184,Paris Gare de Lyon,2,2025-06-30,2025-07-04,4,136.77,547.08,5,OTA
1834,63,amsterdam amstel,2,2025-06-10,2025-06-15,5,154.66,773.3,,OTA
1835,300,London  Bankside,1,2025-04-19,2025-04-24,5,108.72,543.6,3,Direct
1836,30,Amsterdam Amstel,1,2025-07-08,2025-07-14,6,112.99,677.94,4,Corporate
1837,33,boston north station,3,2025-12-29,2026-01-03,5,225.07,1125.35,4,Corporate
1838,112,ROTTERDAM ,2,2025-08-28,2025-08-29,1,161.29,161.29,3,Corporate
1839,376,boston north station,3,2025-09-08,2025-09-12,4,226.05,904.2,4,OTA
1840,344,London Bankside,4,2026-05-26,2026-05-30,4,112.54,450.16,4,Direct
1841,65,Copenhagen Islands Brygge,1,2025-06-13,2025-06-18,5,128.63,643.15,,Direct
1842,68,amsterdam amstel,2,2025-03-12,2025-03-18,6,151.7,910.2,,Direct
1843,126,new york bowery,2,2025-06-04,2025-06-06,2,131.94,263.88,4,OTA
1844,213,boston north station,2,2026-05-25,2026-05-26,1,172.13,172.13,,Direct
1845,173,new york bowery,2,2025-06-02,2025-06-09,7,163.87,1147.09,5,OTA
1846,314,copenhagen islands brygge,2,2025-05-10,2025-05-14,4,154.87,619.48,5,OTA
1847,176,seattle south lake union,1,2025-12-16,2025-12-18,2,104.18,208.36,5,Direct
1848,359,Rotterdam,4,2026-02-07,2026-02-10,3,102.41,307.23,3,Corporate
1849,94,paris gare de lyon,3,2025-11-20,2025-11-23,3,231.17,693.51,4,Corporate
1850,211,copenhagen islands brygge,3,2026-06-26,2026-06-30,4,214.6,858.4,5,OTA
1851,12,Rotterdam,3,2026-02-21,2026-02-27,6,170.54,1023.24,4,Direct
1852,74,Rotterdam,1,2026-03-08,2026-03-15,7,117.6,823.2,5,OTA
1853,300,AMSTERDAM AMSTEL,2,2025-09-21,2025-09-27,6,173.28,1039.68,4,Corporate
1854,101,Paris Gare de Lyon,3,2026-05-21,2026-05-25,4,234.89,939.56,5,Corporate
1855,192,Seattle South Lake Union,1,2026-06-17,2026-06-20,3,100.36,301.08,3,OTA
1856,285,boston north station,2,2025-09-06,2025-09-08,2,165.75,331.5,5,Corporate
1857,205,copenhagen islands brygge,4,2025-01-13,2025-01-17,4,109.45,437.8,3,Direct
1858,14,Paris Gare de Lyon,1,2026-06-15,2026-06-18,3,109.8,329.4,5,OTA
1859,232,new york bowery,4,2025-01-24,2025-01-31,7,121.16,848.12,2,Direct
1860,172,Copenhagen Islands Brygge,3,2025-10-20,2025-10-24,4,215.41,861.64,4,Corporate
1861,97,Amsterdam Amstel,2,2025-09-25,2025-09-30,5,173.31,866.55,3,Direct
1862,201,rotterdam,1,2026-05-02,2026-05-05,3,121.23,363.69,5,Direct
1863,131, Amsterdam Amstel ,1,2025-03-04,2025-03-07,3,108.65,325.95,2,Corporate
1864,98,new york bowery,1,2025-10-09,2025-10-14,5,118.91,594.55,4,OTA
1865,207,Amsterdam Amstel,3,2026-01-26,2026-01-29,3,206.92,620.76,3,Direct
1866,237,amsterdam amstel,1,2026-02-19,2026-02-24,5,122.46,612.3,5,Direct
1867,200,ROTTERDAM ,4,2026-06-14,2026-06-18,4,107.11,428.44,2,OTA
1868,102, New York Bowery,2,2026-02-28,2026-03-01,1,127.42,127.42,5,OTA
1869,183,new york bowery,1,2025-12-23,2025-12-27,4,128.86,515.44,3,OTA
1870,82,paris gare de lyon,4,2026-02-14,2026-02-20,6,103.29,619.74,5,Direct
1871,138,ROTTERDAM ,4,2026-03-15,2026-03-20,5,118.52,296.3,5,OTA
1872,92,paris gare de lyon,4,2026-01-29,2026-02-02,4,116.32,465.28,4,Corporate
1873,164,amsterdam amstel,2,2026-06-15,2026-06-18,3,148.81,446.43,5,Direct
1874,65,AMSTERDAM AMSTEL,1,2026-04-13,2026-04-20,7,122.32,856.24,4,Direct
1875,390,London Bankside,3,2025-05-24,2025-05-27,3,225.48,676.44,2,OTA
1876,75,Seattle South Lake Union,1,2025-02-19,2025-02-26,7,135.49,948.43,5,Direct
1877,379, Amsterdam Amstel ,4,2026-04-03,2026-04-07,4,109.02,436.08,2,OTA
1878,193,Seattle South Lake Union,3,2026-03-21,2026-03-24,3,200.54,601.62,,OTA
1879,100,Copenhagen Islands Brygge,3,2025-09-30,2025-10-01,1,224.03,224.03,5,Direct
1880,400,Rotterdam,4,2025-07-25,2025-07-31,6,117.34,704.04,5,OTA
1881,186,Seattle South Lake Union,3,2026-05-05,2026-05-11,6,173.89,1043.34,5,OTA
1882,382,Rotterdam,1,2025-02-14,2025-02-15,1,134.24,134.24,,Direct
1883,293,ROTTERDAM ,2,2025-09-25,2025-10-02,7,143.8,1006.6,3,OTA
1884,184,Boston North Station,4,2025-04-02,2025-04-07,5,96.28,481.4,4,Direct
1885,146,copenhagen islands brygge,2,2025-06-09,2025-06-10,1,130.19,130.19,5,Direct
1886,73,Paris Gare De Lyon,3,2026-02-07,2026-02-12,5,234.99,1174.95,4,Direct
1887,21,Boston North Station,1,2025-05-25,2025-05-26,1,127.05,127.05,2,Corporate
1888,144, Amsterdam Amstel ,2,2025-05-27,2025-05-31,4,147.38,589.52,5,OTA
1889,336,rotterdam,2,2026-01-26,2026-01-31,5,171.39,856.95,5,Direct
1890,270,Amsterdam Amstel,2,2025-03-09,2025-03-14,5,131.44,1182.96,3,OTA
1891,358,new york bowery,3,2025-03-08,2025-03-11,3,241.42,724.26,5,OTA
1892,325,Boston North Station,4,2026-03-04,2026-03-08,4,114.77,459.08,3,Direct
1893,71,London Bankside,4,2026-06-17,2026-06-18,1,122.9,122.9,5,Corporate
1894,368, Amsterdam Amstel ,2,2025-03-17,2025-03-24,7,130.01,910.07,3,OTA
1894,368, Amsterdam Amstel ,2,2025-03-17,2025-03-24,7,130.01,910.07,3,OTA
1895,104,copenhagen islands brygge,4,2026-05-31,2026-06-03,3,89.1,267.3,4,OTA
1896,209,new york bowery,3,2025-01-30,2025-02-06,7,200.76,1405.32,5,Direct
1897,65,seattle south lake union,2,2026-02-23,2026-02-25,2,154.34,308.68,,Direct
1898,206,paris gare de lyon,2,2025-06-12,2025-06-14,2,149.28,298.56,,OTA
1899,203,Copenhagen Islands Brygge,3,2025-06-23,2025-06-25,2,218.55,437.1,3,Direct
1900,290,new york bowery,1,2025-05-19,2025-05-22,3,118.88,356.64,2,OTA
1901,13,copenhagen islands brygge,2,2026-01-14,2026-01-20,6,142.73,856.38,5,Direct
1902,248,copenhagen islands brygge,2,2025-03-13,2025-03-20,7,178.32,1248.24,2,Direct
1903,332,Seattle South Lake Union,1,2025-11-12,2025-11-17,5,100.55,502.75,,OTA
1904,268,Boston North Station,4,2026-05-19,2026-05-22,3,123.21,369.63,5,OTA
1905,375,London Bankside,2,2025-12-15,2025-12-21,6,160.89,965.34,5,OTA
1906,339,AMSTERDAM AMSTEL,3,2025-06-02,2025-06-04,2,234.43,468.86,3,OTA
1907,7,Paris Gare de Lyon,4,2025-07-20,2025-07-21,1,116.37,116.37,2,Direct
1908,123,seattle south lake union,4,2025-10-23,2025-10-24,1,97.91,97.91,4,Corporate
1909,348,rotterdam,4,2025-09-19,2025-09-20,1,106.12,106.12,3,Corporate
1910,131,Rotterdam,3,2025-03-09,2025-03-12,3,202.54,607.62,3,Direct
1911,383, New York Bowery,3,2026-06-03,2026-06-05,2,212.55,425.1,4,Direct
1912,111,copenhagen islands brygge,4,2026-02-06,2026-02-13,7,97.4,681.8,5,OTA
1913,82,Boston North Station,4,2025-08-12,2025-08-18,6,95.07,570.42,2,Corporate
1914,13, Amsterdam Amstel ,3,2025-11-23,2025-11-30,7,245.29,1717.03,4,Direct
1915,235,Amsterdam Amstel,2,2025-10-15,2025-10-17,2,167.25,334.5,5,Direct
1916,303,Seattle South Lake Union,3,2025-10-04,2025-10-10,6,196.21,1177.26,5,Direct
1917,287,paris gare de lyon,3,2025-04-23,2025-04-26,3,180.13,540.39,5,Corporate
1918,49,Paris Gare De Lyon,3,2025-08-03,2025-08-06,3,174.99,524.97,5,OTA
1919,389,Seattle  South Lake Union,3,2025-07-12,2025-07-13,1,224.9,224.9,4,Corporate
1920,206,Boston North Station,3,2025-07-09,2025-07-13,4,181.36,725.44,2,Corporate
1921,254, Amsterdam Amstel ,2,2026-06-26,2026-06-28,2,162.74,325.48,4,Corporate
1922,310,Copenhagen Islands Brygge,1,2025-08-26,2025-08-29,3,118.88,356.64,5,Corporate
1923,233, New York Bowery,1,2026-03-04,2026-03-06,2,121.81,243.62,5,Direct
1924,45,London Bankside,3,2026-05-03,2026-05-06,3,224.47,673.41,4,Corporate
1925,15,paris gare de lyon,3,2026-06-23,2026-06-24,1,229.34,229.34,,OTA
1926,43,Copenhagen Islands Brygge,4,2025-09-04,2025-09-05,1,94.43,94.43,4,Direct
1927,172, Amsterdam Amstel ,1,2025-12-04,2025-12-10,6,123.83,742.98,4,Direct
1928,390,London Bankside,2,2025-10-15,2025-10-22,7,168.21,1177.47,3,Corporate
1929,150,London  Bankside,2,2025-02-28,2025-03-02,2,170.46,340.92,,OTA
1930,127,New York Bowery,3,2025-05-16,2025-05-20,4,198.15,792.6,4,Direct
1931,303,rotterdam,1,2025-10-20,2025-10-26,6,137.14,822.84,3,OTA
1932,44,Rotterdam,1,2025-06-10,2025-06-16,6,119.19,715.14,4,Direct
1933,240,London  Bankside,2,2026-02-04,2026-02-11,7,170.07,1190.49,3,OTA
1934,351,Copenhagen Islands Brygge,1,2025-02-24,2025-03-02,6,108.07,648.42,4,OTA
1935,227,london bankside,2,2026-04-17,2026-04-21,4,131.43,525.72,4,Direct
1936,150,Seattle  South Lake Union,3,2025-03-24,2025-03-27,3,174.37,523.11,,OTA
1936,150,Seattle  South Lake Union,3,2025-03-24,2025-03-27,3,174.37,523.11,,OTA
1937,287,Copenhagen Islands Brygge,4,2025-02-05,2025-02-07,2,97.27,194.54,5,Corporate
1938,25,seattle south lake union,2,2025-02-18,2025-02-18,0,140.29,0.0,5,Corporate
1939,218,Paris Gare de Lyon,1,2025-02-15,2025-02-16,1,134.29,134.29,5,Direct
1940,125,Rotterdam,2,2025-10-15,2025-10-19,4,155.43,621.72,5,OTA
1941,121,paris gare de lyon,2,2025-02-02,2025-02-09,7,136.05,952.35,2,Direct
1942,276,amsterdam amstel,1,2026-05-06,2026-05-08,2,124.27,248.54,3,Corporate
1943,95,copenhagen islands brygge,1,2025-02-13,2025-02-14,1,101.62,101.62,4,Direct
1944,223,Seattle South Lake Union,2,2025-10-03,2025-10-08,5,169.26,846.3,3,Corporate
1945,4,new york bowery,3,2025-03-24,2025-03-31,7,229.15,1604.05,5,Corporate
1946,311,rotterdam,4,2025-05-26,2025-05-31,5,98.36,491.8,4,Direct
1947,376,seattle south lake union,1,2026-05-29,2026-06-03,5,104.26,521.3,4,OTA
1948,279,copenhagen islands brygge,2,2025-01-26,2025-01-29,3,136.64,409.92,3,OTA
1949,85,Boston North Station,2,2025-08-11,2025-08-17,6,164.99,989.94,2,Corporate
1950,91,copenhagen islands brygge,4,2026-03-11,2026-03-13,2,85.53,171.06,4,Direct
1951,153,London  Bankside,2,2025-04-15,2025-04-18,3,153.53,460.59,2,Direct
1952,246,copenhagen islands brygge,1,2025-09-14,2025-09-18,4,121.59,486.36,3,Direct
1953,15,New York Bowery,3,2025-08-14,2025-08-18,4,239.69,958.76,3,Direct
1954,75,Paris Gare De Lyon,1,2025-06-21,2025-06-25,4,114.81,459.24,5,Corporate
1955,49,Paris Gare De Lyon,1,2026-04-08,2026-04-10,2,104.94,209.88,3,Direct
1956,299,Seattle  South Lake Union,4,2025-02-24,2025-03-03,7,98.22,687.54,3,OTA
1957,320,boston north station,1,2025-11-20,2025-11-22,2,103.98,207.96,4,Direct
1958,265,copenhagen islands brygge,1,2025-04-15,2025-04-16,1,119.57,119.57,4,OTA
1959,49,Copenhagen Islands Brygge,2,2026-04-18,2026-04-21,3,150.04,450.12,2,OTA
1960,250,Copenhagen Islands Brygge,1,2025-04-01,2025-04-06,5,107.31,536.55,5,OTA
1961,330,London Bankside,1,2026-05-27,2026-05-28,1,119.63,119.63,4,OTA
1962,62,new york bowery,2,2025-03-20,2025-03-24,4,154.39,617.56,5,Direct
1963,244,amsterdam amstel,2,2026-01-01,2026-01-07,6,153.78,922.68,3,Direct
1964,307, New York Bowery,1,2025-06-06,2025-06-10,4,141.66,566.64,4,Corporate
1965,225,Rotterdam,3,2025-03-13,2025-03-20,7,226.03,1582.21,4,Corporate
1966,55,Copenhagen Islands Brygge,2,2025-07-12,2025-07-16,4,131.86,527.44,3,Corporate
1967,371,London Bankside,3,2025-11-22,2025-11-24,2,199.55,399.1,,Direct
1968,24,ROTTERDAM ,4,2025-11-10,2025-11-13,3,107.51,322.53,5,Direct
1969,56,Paris Gare De Lyon,4,2026-05-11,2026-05-17,6,92.65,555.9,4,OTA
1970,319,New York Bowery,4,2025-07-16,2025-07-20,4,103.67,414.68,5,Corporate
1971,68,paris gare de lyon,2,2025-06-24,2025-06-30,6,140.13,840.78,3,OTA
1972,345,AMSTERDAM AMSTEL,2,2025-07-09,2025-07-15,6,142.48,854.88,4,Direct
1973,138,boston north station,2,2025-10-31,2025-11-07,7,173.62,1215.34,5,Corporate
1974,358,Rotterdam,3,2026-03-26,2026-03-30,4,237.72,950.88,3,Direct
1975,5,copenhagen islands brygge,3,2025-04-16,2025-04-19,3,184.65,553.95,4,Direct
1976,154,Boston North Station,3,2025-04-06,2025-04-12,6,174.32,1045.92,4,Direct
1977,330,London Bankside,2,2025-11-22,2025-11-26,4,139.95,559.8,,OTA
1978,222,copenhagen islands brygge,4,2025-06-27,2025-07-04,7,98.69,690.83,2,Corporate
1979,278,London  Bankside,2,2025-01-17,2025-01-24,7,137.92,965.44,4,OTA
1980,345,copenhagen islands brygge,2,2026-06-09,2026-06-15,6,147.9,887.4,5,OTA
1981,107,new york bowery,4,2026-01-15,2026-01-16,1,113.53,113.53,5,OTA
1982,90,rotterdam,3,2025-09-13,2025-09-19,6,199.11,1194.66,4,Corporate
1983,175,Boston North Station,1,2025-12-22,2025-12-24,2,135.27,270.54,3,Corporate
1984,5,Seattle  South Lake Union,2,2026-03-14,2026-03-21,7,173.67,1215.69,4,OTA
1985,169,seattle south lake union,1,2025-09-22,2025-09-26,4,122.06,488.24,5,OTA
1986,261,Paris Gare De Lyon,4,2025-08-06,2025-08-09,3,113.6,340.8,2,OTA
1987,302,copenhagen islands brygge,3,2026-04-13,2026-04-14,1,178.15,178.15,5,Direct
1988,319,london bankside,4,2025-03-26,2025-03-27,1,114.33,114.33,5,Direct
1989,184,copenhagen islands brygge,4,2026-03-19,2026-03-25,6,110.3,661.8,3,Direct
1990,340,copenhagen islands brygge,3,2025-09-25,2025-09-30,5,221.74,1108.7,3,Corporate
1991,10,copenhagen islands brygge,3,2025-11-28,2025-12-05,7,218.92,1532.44,2,OTA
1992,176,new york bowery,3,2025-02-16,2025-02-18,2,226.75,453.5,4,Direct
1993,229,paris gare de lyon,1,2025-11-04,2025-11-05,1,112.51,112.51,3,Direct
1994,155,paris gare de lyon,1,2026-02-26,2026-03-05,7,120.65,844.55,3,Direct
1995,101,AMSTERDAM AMSTEL,3,2026-06-09,2026-06-12,3,224.54,673.62,4,OTA
1996,44,copenhagen islands brygge,2,2025-01-02,2025-01-09,7,176.29,1234.03,4,Direct
1997,25,copenhagen islands brygge,2,2026-02-01,2026-02-04,3,127.97,383.91,2,Corporate
1998,305, New York Bowery,3,2026-02-17,2026-02-22,5,198.64,993.2,3,OTA
1999,114,Paris Gare de Lyon,3,2026-03-27,2026-04-02,6,206.14,1236.84,5,OTA
2000,144,seattle south lake union,3,2026-04-18,2026-04-22,4,183.18,732.72,4,Direct
2001,22,ROTTERDAM ,4,2026-05-23,2026-05-26,3,122.22,366.66,5,OTA
2002,301,Rotterdam,3,2025-07-14,2025-07-18,4,229.61,918.44,5,OTA
2003,286,seattle south lake union,4,2025-10-16,2025-10-17,1,91.21,91.21,5,Corporate
2004,103,seattle south lake union,3,2025-04-01,2025-04-02,1,205.72,205.72,,OTA
2005,293,Amsterdam Amstel,3,2025-02-04,2025-02-11,7,200.22,1401.54,4,Corporate
2006,269,Rotterdam,3,2026-03-09,2026-03-12,3,242.21,726.63,4,Direct
2007,134,Amsterdam Amstel,4,2025-01-30,2025-02-06,7,113.5,794.5,3,OTA
2008,40,rotterdam,1,2026-05-29,2026-06-03,5,115.5,577.5,4,Direct
2009,111,ROTTERDAM ,4,2025-10-11,2025-10-15,4,97.35,389.4,5,Direct
2010,343,copenhagen islands brygge,1,2025-10-15,2025-10-21,6,123.54,741.24,2,OTA
2011,365, Amsterdam Amstel ,2,2026-01-13,2026-01-17,4,158.48,633.92,3,Direct
2012,120,Paris Gare De Lyon,2,2025-01-04,2025-01-10,6,164.26,985.56,5,Corporate
2013,124,Seattle  South Lake Union,4,2025-06-28,2025-06-30,2,87.58,175.16,4,Direct
2014,231,seattle south lake union,2,2025-08-07,2025-08-12,5,130.12,650.6,3,Corporate
2015,2,Boston North Station,2,2025-12-02,2025-12-07,5,130.83,654.15,4,OTA
2016,116,Seattle  South Lake Union,3,2025-03-26,2025-03-31,5,221.66,1108.3,2,Direct
2017,47,London Bankside,2,2026-01-11,2026-01-12,1,135.55,135.55,3,Corporate
2018,274,copenhagen islands brygge,1,2025-12-24,2025-12-26,2,138.89,277.78,4,Direct
2019,319,rotterdam,1,2026-06-20,2026-06-23,3,127.64,382.92,4,OTA
2020,266,rotterdam,1,2026-01-21,2026-01-25,4,125.17,500.68,3,Direct
2021,281,Boston North Station,1,2025-02-26,2025-02-28,2,100.94,201.88,2,OTA
2022,81,paris gare de lyon,1,2026-01-14,2026-01-19,5,134.78,673.9,5,Direct
2023,242,Rotterdam,2,2025-10-30,2025-10-31,1,141.54,141.54,3,Corporate
2024,101,rotterdam,1,2025-03-06,2025-03-09,3,106.38,319.14,,Direct
2025,316,London Bankside,4,2026-01-05,2026-01-10,5,110.72,553.6,5,Direct
2026,156,boston north station,1,2025-07-08,2025-07-13,5,104.26,521.3,5,Direct
2027,376,London  Bankside,1,2025-01-24,2025-01-28,4,138.11,552.44,2,Direct
2028,341,Paris Gare de Lyon,3,2025-05-18,2025-05-25,7,200.68,1404.76,3,OTA
2029,327,seattle south lake union,4,2025-06-24,2025-06-30,6,117.26,703.56,2,Direct
2030,294,boston north station,1,2025-01-04,2025-01-05,1,108.15,108.15,4,OTA
2031,361,Seattle South Lake Union,2,2025-06-11,2025-06-13,2,178.49,356.98,5,OTA
2032,98,paris gare de lyon,4,2025-05-06,2025-05-08,2,88.86,177.72,5,OTA
2033,324,amsterdam amstel,4,2025-01-17,2025-01-24,7,96.45,675.15,4,Direct
2034,135,boston north station,4,2026-02-13,2026-02-19,6,122.21,733.26,5,Direct
2035,201,rotterdam,3,2025-07-29,2025-07-30,1,199.5,199.5,4,OTA
2036,261,Seattle  South Lake Union,4,2026-01-26,2026-01-29,3,122.84,368.52,3,Direct
2037,332,AMSTERDAM AMSTEL,2,2025-05-22,2025-05-29,7,174.29,1220.03,3,Direct
2038,142,Seattle  South Lake Union,4,2025-03-23,2025-03-30,7,86.09,602.63,3,Corporate
2039,126,ROTTERDAM ,2,2025-10-24,2025-10-27,3,164.65,493.95,5,Direct
2040,226,new york bowery,2,2025-09-03,2025-09-08,5,130.27,651.35,5,Direct
2041,114,ROTTERDAM ,2,2026-02-08,2026-02-07,-1,173.17,-173.17,2,OTA
2042,195,copenhagen islands brygge,2,2025-06-20,2025-06-23,3,177.32,531.96,4,OTA
2043,275,Paris Gare De Lyon,1,2025-04-24,2025-04-29,5,108.8,544.0,2,OTA
2044,249,boston north station,4,2026-05-23,2026-05-28,5,121.57,607.85,3,Corporate
2045,244,ROTTERDAM ,3,2025-05-31,2025-06-01,1,218.2,218.2,5,Corporate
2046,322,ROTTERDAM ,2,2026-05-31,2026-06-06,6,140.36,842.16,5,Direct
2047,351,boston north station,2,2026-03-15,2026-03-19,4,131.79,527.16,4,OTA
2048,115,boston north station,3,2026-02-21,2026-02-24,3,175.54,526.62,2,Direct
2049,307,Seattle  South Lake Union,4,2025-09-01,2025-09-01,0,107.0,0.0,3,Direct
2050,20,Copenhagen Islands Brygge,1,2025-12-02,2025-12-07,5,125.97,629.85,5,OTA
2051,396,new york bowery,2,2026-05-07,2026-05-11,4,127.81,511.24,5,Direct
2052,5, Amsterdam Amstel ,2,2025-07-21,2025-07-24,3,129.1,387.3,3,OTA
2053,383,copenhagen islands brygge,4,2025-04-17,2025-04-20,3,95.86,287.58,4,OTA
2054,249,AMSTERDAM AMSTEL,3,2026-02-17,2026-02-23,6,207.58,1245.48,4,Direct
2055,55,Boston North Station,2,2026-06-28,2026-07-05,7,147.83,1034.81,4,Corporate
2056,183,Paris Gare de Lyon,3,2025-08-11,2025-08-16,5,171.58,857.9,4,OTA
2057,94,paris gare de lyon,4,2025-09-24,2025-09-26,2,99.59,199.18,3,Direct
2057,94,paris gare de lyon,4,2025-09-24,2025-09-26,2,99.59,199.18,3,Direct
2058,176,AMSTERDAM AMSTEL,1,2025-04-13,2025-04-18,5,117.99,589.95,4,Corporate
2059,174,Boston North Station,2,2025-04-13,2025-04-17,4,159.57,638.28,3,Corporate
2060,226,seattle south lake union,4,2026-03-21,2026-03-24,3,97.63,292.89,,Corporate
2061,327,Boston North Station,3,2025-08-16,2025-08-23,7,205.69,1439.83,4,OTA
2062,2,Paris Gare De Lyon,3,2025-02-25,2025-03-01,4,241.88,967.52,4,Corporate
2063,27,Seattle South Lake Union,1,2025-04-23,2025-04-24,1,126.15,126.15,3,OTA
2064,37, New York Bowery,3,2026-05-11,2026-05-13,2,241.36,482.72,3,Corporate
2065,332,rotterdam,4,2025-11-13,2025-11-14,1,97.99,97.99,5,Corporate
2066,188,Paris Gare De Lyon,3,2025-12-24,2025-12-29,5,228.71,1143.55,4,OTA
2067,257,seattle south lake union,1,2026-02-23,2026-02-27,4,132.43,529.72,5,Direct
2068,123,Copenhagen Islands Brygge,2,2025-11-06,2025-11-06,0,150.95,0.0,5,Direct
2069,303,Seattle  South Lake Union,4,2025-09-09,2025-09-12,3,98.77,296.31,4,OTA
2070,191,seattle south lake union,4,2025-02-07,2025-02-08,1,92.76,92.76,,Direct
2071,389,Amsterdam Amstel,1,2026-03-25,2026-03-31,6,114.81,688.86,5,Direct
2072,161,Paris Gare De Lyon,3,2025-04-11,2025-04-15,4,181.9,727.6,4,OTA
2073,206,copenhagen islands brygge,2,2025-12-28,2025-12-30,2,152.17,304.34,4,OTA
2074,233,Seattle South Lake Union,2,2025-05-17,2025-05-22,5,140.12,700.6,3,Corporate
2075,4, New York Bowery,1,2025-10-06,2025-10-08,2,118.51,237.02,4,Corporate
2076,208,new york bowery,2,2025-11-18,2025-11-22,4,165.53,662.12,4,Corporate
2077,361,amsterdam amstel,1,2025-02-22,2025-02-26,4,108.06,432.24,2,OTA
2078,263,Copenhagen Islands Brygge,2,2025-12-17,2025-12-19,2,162.32,324.64,5,Corporate
2079,260,London Bankside,4,2026-03-16,2026-03-21,5,116.29,581.45,3,OTA
2080,82,paris gare de lyon,4,2025-03-26,2025-03-27,1,115.51,115.51,4,OTA
2081,232,copenhagen islands brygge,3,2025-10-07,2025-10-11,4,223.03,892.12,4,Direct
2082,273,London  Bankside,3,2025-03-29,2025-03-31,2,204.13,408.26,5,OTA
2083,304,London  Bankside,2,2026-04-01,2026-04-08,7,148.94,1042.58,4,Corporate
2084,196,london bankside,2,2025-06-19,2025-06-20,1,139.61,139.61,3,Corporate
2085,95,London Bankside,4,2025-06-23,2025-06-28,5,100.29,501.45,3,Direct
2086,24,seattle south lake union,1,2026-03-08,2026-03-14,6,117.09,702.54,3,Direct
2087,248,Rotterdam,4,2026-05-10,2026-05-16,6,109.69,658.14,4,Direct
2088,337,Copenhagen Islands Brygge,3,2025-04-16,2025-04-21,5,213.52,1067.6,4,Corporate
2089,315,copenhagen islands brygge,4,2026-04-24,2026-04-27,3,108.79,326.37,4,OTA
2090,129,AMSTERDAM AMSTEL,1,2026-05-14,2026-05-20,6,111.11,666.66,4,OTA
2091,283,Amsterdam Amstel,1,2026-01-18,2026-01-23,5,106.29,531.45,4,Direct
2092,90,seattle south lake union,1,2025-12-07,2025-12-09,2,108.96,217.92,4,Corporate
2093,72,Copenhagen Islands Brygge,2,2025-04-26,2025-04-30,4,176.76,707.04,3,Corporate
2094,119,Paris Gare De Lyon,2,2026-01-12,2026-01-17,5,153.09,765.45,,Corporate
2095,246,Rotterdam,3,2025-12-13,2025-12-16,3,186.56,559.68,4,OTA
2096,392,Boston North Station,1,2025-06-04,2025-06-09,5,101.88,509.4,3,OTA
2097,174,amsterdam amstel,4,2025-04-13,2025-04-17,4,88.59,354.36,5,Corporate
2098,294,Seattle South Lake Union,3,2025-03-17,2025-03-19,2,240.62,481.24,4,Direct
2099,324, New York Bowery,3,2025-08-02,2025-08-04,2,212.33,424.66,3,Direct
2100,5,Copenhagen Islands Brygge,4,2025-10-14,2025-10-16,2,121.29,242.58,5,OTA
2101,23,Seattle South Lake Union,2,2025-08-20,2025-08-22,2,169.09,338.18,5,Direct
2102,60,boston north station,1,2025-11-06,2025-11-11,5,121.35,606.75,5,Direct
2103,278,New York Bowery,1,2025-12-19,2025-12-23,4,112.96,451.84,,OTA
2104,368,ROTTERDAM ,3,2026-05-04,2026-05-08,4,178.05,712.2,5,Direct
2105,175,rotterdam,4,2025-06-03,2025-06-08,5,102.82,514.1,3,Corporate
2106,297,amsterdam amstel,1,2026-06-04,2026-06-07,3,114.68,344.04,,Direct
2107,368,Paris Gare De Lyon,4,2025-03-11,2025-03-13,2,120.9,241.8,,Direct
2108,306,seattle south lake union,3,2026-04-25,2026-04-26,1,185.61,185.61,2,OTA
2109,389,Paris Gare De Lyon,4,2025-03-13,2025-03-19,6,87.6,525.6,3,Direct
2110,96,Copenhagen Islands Brygge,1,2026-02-21,2026-02-26,5,126.58,632.9,3,OTA
2111,74,New York Bowery,2,2025-08-24,2025-08-27,3,126.35,379.05,5,Direct
2112,349,Boston North Station,1,2026-02-13,2026-02-18,5,103.79,518.95,3,Corporate
2113,70,Boston North Station,3,2025-09-06,2025-09-10,4,173.77,695.08,5,OTA
2114,126,seattle south lake union,1,2025-04-30,2025-05-05,5,131.44,657.2,5,Corporate
2115,272,Boston North Station,1,2025-11-28,2025-11-30,2,115.98,231.96,4,Direct
2116,279,copenhagen islands brygge,4,2025-01-29,2025-02-04,6,94.19,565.14,4,OTA
2117,48,Seattle South Lake Union,3,2026-02-15,2026-02-19,4,242.03,968.12,4,Direct
2118,266,Seattle South Lake Union,4,2025-07-27,2025-08-03,7,88.4,618.8,5,Direct
2119,342,london bankside,4,2025-11-14,2025-11-17,3,85.82,257.46,4,OTA
2119,342,london bankside,4,2025-11-14,2025-11-17,3,85.82,257.46,4,OTA
2120,166,Amsterdam Amstel,1,2025-02-12,2025-02-14,2,111.71,223.42,4,OTA
2121,371,Amsterdam Amstel,4,2026-01-05,2026-01-08,3,95.82,287.46,3,OTA
2122,138,London Bankside,4,2026-03-02,2026-03-04,2,97.64,195.28,4,Direct
2123,142,seattle south lake union,2,2025-02-22,2025-02-24,2,147.24,294.48,4,OTA
2124,7,New York Bowery,3,2026-06-04,2026-06-08,4,188.09,752.36,2,Direct
2125,172,london bankside,4,2025-06-07,2025-06-09,2,103.95,207.9,3,Direct
2126,49,Seattle South Lake Union,3,2025-02-15,2025-02-21,6,202.78,1216.68,5,Direct
2127,293,Rotterdam,2,2025-02-17,2025-02-18,1,133.7,133.7,4,OTA
2128,138,Seattle South Lake Union,2,2026-05-04,2026-05-09,5,134.08,670.4,4,Corporate
2129,220,London Bankside,2,2026-03-31,2026-04-01,1,134.27,134.27,5,Direct
2130,94,london bankside,3,2026-04-24,2026-05-01,7,201.25,1408.75,4,OTA
2131,36, New York Bowery,2,2025-11-04,2025-11-10,6,179.41,1076.46,5,OTA
2132,246,copenhagen islands brygge,2,2025-09-22,2025-09-25,3,142.1,426.3,4,OTA
2133,310,Seattle South Lake Union,4,2026-01-06,2026-01-10,4,119.85,479.4,5,OTA
2134,315,amsterdam amstel,1,2025-08-20,2025-08-23,3,126.32,378.96,4,OTA
2135,370,Amsterdam Amstel,1,2025-10-21,2025-10-22,1,116.37,116.37,3,OTA
2136,196,paris gare de lyon,2,2025-05-09,2025-05-12,3,133.65,400.95,2,OTA
2137,138,London  Bankside,1,2025-04-13,2025-04-19,6,118.45,710.7,4,OTA
2138,34,copenhagen islands brygge,3,2026-05-19,2026-05-26,7,213.31,1493.17,5,OTA
2139,169,New York Bowery,3,2026-04-05,2026-04-12,7,182.04,1274.28,3,Corporate
2140,245,copenhagen islands brygge,1,2025-12-28,2025-12-30,2,98.97,197.94,2,OTA
2141,400,Seattle  South Lake Union,2,2026-02-17,2026-02-20,3,165.12,495.36,5,Direct
2142,35,seattle south lake union,3,2025-11-05,2025-11-07,2,207.06,414.12,4,Direct
2143,329,Boston North Station,2,2025-05-08,2025-05-12,4,158.39,633.56,5,Direct
2144,319,Boston North Station,2,2025-11-10,2025-11-12,2,147.35,294.7,4,OTA
2145,263,Rotterdam,4,2025-08-16,2025-08-19,3,94.93,284.79,3,OTA
2146,142,Seattle South Lake Union,3,2025-09-12,2025-09-18,6,221.45,1328.7,3,Direct
2147,389,paris gare de lyon,4,2025-09-17,2025-09-18,1,105.97,105.97,5,OTA
2148,38, Amsterdam Amstel ,4,2025-02-19,2025-02-21,2,90.52,181.04,5,Direct
2149,274,rotterdam,4,2025-02-25,2025-03-04,7,122.22,855.54,5,OTA
2150,202,boston north station,3,2025-03-14,2025-03-15,1,181.91,181.91,4,OTA
2151,395,AMSTERDAM AMSTEL,1,2025-04-04,2025-04-11,7,140.71,984.97,4,Corporate
2152,353, New York Bowery,3,2025-09-18,2025-09-25,7,216.71,1516.97,4,Direct
2153,255,rotterdam,1,2026-02-06,2026-02-10,4,105.67,422.68,4,Direct
2154,382,Copenhagen Islands Brygge,4,2025-05-18,2025-05-25,7,111.01,777.07,4,Direct
2155,399,Paris Gare de Lyon,1,2026-04-15,2026-04-19,4,111.73,446.92,5,OTA
2156,334,ROTTERDAM ,4,2026-04-02,2026-04-06,4,97.13,388.52,,OTA
2157,23,Amsterdam Amstel,1,2025-10-19,2025-10-26,7,130.05,910.35,3,Direct
2158,305,London  Bankside,2,2025-02-09,2025-02-12,3,174.91,524.73,2,OTA
2159,363,copenhagen islands brygge,3,2025-04-01,2025-04-06,5,196.8,984.0,5,Direct
2160,205,copenhagen islands brygge,2,2026-01-25,2026-01-29,4,127.01,508.04,4,OTA
2161,343,London  Bankside,3,2026-04-04,2026-04-06,2,204.73,409.46,,OTA
2162,26,amsterdam amstel,4,2026-03-31,2026-04-05,5,107.69,538.45,4,Corporate
2163,211,Boston North Station,4,2025-03-23,2025-03-26,3,95.51,286.53,2,OTA
2164,36,seattle south lake union,3,2026-05-19,2026-05-20,1,193.11,193.11,4,Corporate
2165,128,new york bowery,1,2026-05-31,2026-06-01,1,126.69,126.69,,Direct
2166,170,rotterdam,2,2025-09-03,2025-09-10,7,151.61,1061.27,5,Direct
2167,304,Seattle South Lake Union,2,2026-03-02,2026-03-03,1,155.54,155.54,5,OTA
2168,192,amsterdam amstel,3,2025-12-12,2025-12-15,3,174.47,523.41,5,Direct
2169,254, New York Bowery,4,2026-04-15,2026-04-17,2,103.68,207.36,4,Direct
2170,270,Boston North Station,2,2025-03-02,2025-03-03,1,129.52,129.52,4,OTA
2171,355,AMSTERDAM AMSTEL,3,2025-04-19,2025-04-23,4,212.92,851.68,4,Direct
2172,318,Paris Gare De Lyon,4,2025-07-19,2025-07-22,3,108.51,325.53,4,Direct
2173,3,Copenhagen Islands Brygge,2,2025-05-11,2025-05-13,2,137.58,275.16,5,Direct
2174,185,London Bankside,1,2026-01-13,2026-01-18,5,100.0,500.0,3,OTA
2175,36, Amsterdam Amstel ,4,2026-02-17,2026-02-21,4,106.11,424.44,4,OTA
2176,249,boston north station,1,2026-01-26,2026-02-02,7,101.71,711.97,2,OTA
2177,156,boston north station,2,2025-01-16,2025-01-18,2,179.43,358.86,4,OTA
2178,37, New York Bowery,2,2026-04-18,2026-04-20,2,141.79,283.58,4,Direct
2179,195,amsterdam amstel,4,2025-05-05,2025-05-08,3,108.46,325.38,,Direct
2180,257,Seattle South Lake Union,1,2025-04-15,2025-04-22,7,132.96,930.72,4,Direct
2181,372,paris gare de lyon,4,2026-02-24,2026-03-01,5,115.03,575.15,5,Direct
2182,265,New York Bowery,1,2025-04-24,2025-05-01,7,122.62,858.34,5,Corporate
2183,162,New York Bowery,1,2026-04-01,2026-04-08,7,98.2,687.4,5,Direct
2183,162,New York Bowery,1,2026-04-01,2026-04-08,7,98.2,687.4,5,Direct
2184,198,Boston North Station,4,2025-04-13,2025-04-16,3,104.63,313.89,,Direct
2185,140,rotterdam,3,2026-05-01,2026-05-03,2,181.63,363.26,5,Direct
2186,114,Boston North Station,2,2026-04-06,2026-04-09,3,159.98,479.94,3,OTA
2187,55, New York Bowery,2,2026-02-07,2026-02-13,6,159.29,955.74,2,Direct
2187,55, New York Bowery,2,2026-02-07,2026-02-13,6,159.29,955.74,2,Direct
2188,115,Copenhagen Islands Brygge,2,2026-03-13,2026-03-20,7,144.59,1012.13,,Direct
2189,45,Copenhagen Islands Brygge,1,2025-03-25,2025-03-26,1,124.37,124.37,5,Direct
2190,20,new york bowery,4,2025-10-23,2025-10-24,1,102.25,102.25,2,Corporate
2191,261,copenhagen islands brygge,3,2026-06-14,2026-06-15,1,238.0,238.0,,Direct
2192,3,seattle south lake union,1,2026-04-01,2026-04-05,4,131.46,525.84,5,Corporate
2193,228,New York Bowery,1,2025-04-24,2025-04-25,1,123.11,123.11,5,Corporate
2194,138,Paris Gare de Lyon,3,2025-10-28,2025-10-29,1,231.35,231.35,2,OTA
2195,360,boston north station,3,2026-01-19,2026-01-21,2,244.61,489.22,5,OTA
2196,160,Amsterdam Amstel,2,2026-01-29,2026-02-04,6,144.45,866.7,4,OTA
2197,54,Seattle South Lake Union,4,2025-08-10,2025-08-15,5,114.51,572.55,4,Direct
2198,383,Paris Gare de Lyon,3,2026-06-23,2026-06-27,4,243.41,973.64,4,Direct
2199,360,london bankside,1,2025-09-05,2025-09-08,3,132.59,397.77,5,Direct
2200,4,AMSTERDAM AMSTEL,3,2026-01-08,2026-01-13,5,206.21,1031.05,4,OTA
2201,70,london bankside,3,2025-01-26,2025-01-30,4,214.51,858.04,4,Direct
2202,274, New York Bowery,4,2025-01-16,2025-01-17,1,110.68,110.68,4,Direct
2203,368, New York Bowery,2,2025-09-14,2025-09-20,6,163.78,982.68,3,Direct
2204,165,paris gare de lyon,2,2025-02-26,2025-03-01,3,176.47,529.41,,Direct
2205,395,London  Bankside,1,2025-03-27,2025-04-03,7,101.32,709.24,5,Corporate
2206,45,London Bankside,2,2025-01-02,2025-01-03,1,156.02,156.02,3,Corporate
2207,392,Copenhagen Islands Brygge,4,2026-05-05,2026-05-07,2,120.92,241.84,5,OTA
2208,126,Seattle  South Lake Union,4,2026-01-07,2026-01-10,3,88.17,264.51,4,OTA
2209,211,Paris Gare de Lyon,2,2025-03-25,2025-03-30,5,147.21,736.05,5,OTA
2210,212,Paris Gare de Lyon,3,2025-04-30,2025-05-06,6,216.03,1296.18,3,OTA
2211,223,copenhagen islands brygge,3,2025-01-16,2025-01-23,7,187.13,1309.91,4,OTA
2212,274,Rotterdam,2,2026-02-16,2026-02-23,7,130.75,915.25,3,Corporate
2213,96,Rotterdam,3,2025-07-09,2025-07-14,5,189.55,947.75,3,OTA
2214,260,copenhagen islands brygge,1,2025-04-29,2025-04-30,1,140.44,140.44,2,OTA
2215,288, Amsterdam Amstel ,4,2026-05-06,2026-05-07,1,97.56,97.56,5,Direct
2216,272,paris gare de lyon,4,2025-02-23,2025-02-25,2,107.43,214.86,5,Corporate
2217,87,new york bowery,1,2026-02-27,2026-03-01,2,140.24,280.48,5,OTA
2218,275,Boston North Station,1,2025-06-29,2025-07-04,5,126.78,633.9,5,OTA
2219,184, New York Bowery,4,2025-11-20,2025-11-27,7,106.94,748.58,4,Direct
2220,33,London Bankside,4,2025-08-10,2025-08-14,4,102.83,411.32,3,Corporate
2221,54,seattle south lake union,1,2025-06-14,2025-06-17,3,110.82,332.46,3,Direct
2222,128,rotterdam,1,2026-06-05,2026-06-11,6,140.13,840.78,3,Direct
2223,21,Paris Gare de Lyon,4,2026-06-19,2026-06-24,5,92.03,460.15,2,Corporate
2224,2,Paris Gare de Lyon,4,2025-05-17,2025-05-18,1,102.57,102.57,5,Direct
2225,350,london bankside,2,2026-05-17,2026-05-22,5,167.47,837.35,2,OTA
2226,170,rotterdam,1,2025-01-20,2025-01-21,1,136.69,136.69,4,OTA
2227,220,Paris Gare de Lyon,2,2025-08-01,2025-08-07,6,136.77,1477.12,4,Corporate
2228,362,New York Bowery,2,2025-10-06,2025-10-12,6,170.65,1023.9,5,OTA
2229,287,Copenhagen Islands Brygge,1,2025-04-25,2025-05-02,7,115.38,807.66,2,OTA
2230,128,Boston North Station,2,2025-01-02,2025-01-05,3,175.69,527.07,5,Direct
2231,16,Seattle South Lake Union,3,2025-10-25,2025-11-01,7,211.86,1483.02,4,Corporate
2232,265,Copenhagen Islands Brygge,1,2025-05-13,2025-05-16,3,113.74,341.22,5,Direct
2233,375,Copenhagen Islands Brygge,2,2025-05-06,2025-05-09,3,164.48,493.44,3,OTA
2234,258, Amsterdam Amstel ,2,2026-04-12,2026-04-18,6,142.01,852.06,5,Corporate
2235,175,Copenhagen Islands Brygge,2,2026-01-08,2026-01-09,1,129.93,129.93,4,Corporate
2236,238,Copenhagen Islands Brygge,4,2025-07-01,2025-07-05,4,88.63,354.52,3,OTA
2237,260,ROTTERDAM ,1,2026-04-28,2026-04-29,1,116.93,116.93,5,OTA
2238,360,new york bowery,3,2025-10-30,2025-11-05,6,215.18,1291.08,4,Corporate
2239,228,seattle south lake union,4,2025-04-01,2025-04-02,1,115.34,115.34,3,Corporate
2240,74,seattle south lake union,4,2025-09-14,2025-09-17,3,111.45,334.35,,OTA
2241,293,ROTTERDAM ,4,2025-02-09,2025-02-16,7,118.87,832.09,4,OTA
2242,4,Copenhagen Islands Brygge,2,2025-10-06,2025-10-10,4,166.71,666.84,3,OTA
2243,352,New York Bowery,4,2025-10-15,2025-10-19,4,113.64,454.56,5,OTA
2244,169,London  Bankside,4,2025-02-19,2025-02-26,7,93.87,657.09,5,OTA
2245,188,Paris Gare De Lyon,4,2026-06-09,2026-06-15,6,114.87,689.22,3,Direct
2246,365,New York Bowery,1,2025-01-05,2025-01-09,4,123.71,494.84,5,Corporate
2247,142,boston north station,1,2025-02-14,2025-02-18,4,137.59,550.36,2,Corporate
2248,394,new york bowery,4,2025-12-30,2026-01-04,5,100.36,501.8,5,OTA
2249,265, New York Bowery,3,2025-02-25,2025-03-01,4,223.33,893.32,2,Corporate
2250,255, New York Bowery,3,2026-03-03,2026-03-09,6,211.84,1271.04,3,OTA
2251,356,AMSTERDAM AMSTEL,2,2025-02-28,2025-03-04,4,130.54,522.16,5,Direct
2252,337,new york bowery,1,2025-01-03,2025-01-07,4,107.6,430.4,4,OTA
2253,97,amsterdam amstel,4,2025-12-15,2025-12-17,2,98.16,196.32,4,OTA
2254,101,copenhagen islands brygge,2,2026-04-15,2026-04-17,2,162.41,324.82,4,Direct
2255,72,amsterdam amstel,2,2025-09-09,2025-09-12,3,129.26,387.78,4,OTA
2256,189,rotterdam,3,2026-04-08,2026-04-09,1,181.35,181.35,4,Direct
2257,185,boston north station,3,2026-04-27,2026-05-04,7,228.01,1596.07,3,OTA
2258,347,paris gare de lyon,1,2026-03-05,2026-03-08,3,130.14,390.42,4,OTA
2259,364, New York Bowery,1,2026-01-09,2026-01-13,4,116.38,465.52,3,Corporate
2260,298,rotterdam,3,2025-02-22,2025-02-24,2,186.15,372.3,5,Direct
2261,119,Boston North Station,2,2026-05-15,2026-05-19,4,135.76,543.04,5,Direct
2262,380,Paris Gare De Lyon,2,2026-02-14,2026-02-19,5,161.83,809.15,4,Direct
2263,352,amsterdam amstel,2,2025-06-03,2025-06-04,1,145.92,145.92,5,Direct
2264,330,AMSTERDAM AMSTEL,4,2025-01-25,2025-01-31,6,98.45,590.7,,OTA
2265,314,boston north station,1,2026-04-14,2026-04-18,4,137.08,548.32,2,Direct
2266,122, New York Bowery,2,2025-03-16,2025-03-22,6,157.24,943.44,4,Corporate
2267,82,Seattle South Lake Union,2,2026-03-04,2026-03-05,1,175.01,175.01,4,Direct
2268,233,Boston North Station,1,2025-11-20,2025-11-23,3,112.23,336.69,3,OTA
2269,205,Paris Gare de Lyon,2,2025-06-04,2025-06-06,2,153.93,307.86,5,OTA
2270,133, Amsterdam Amstel ,4,2026-03-06,2026-03-09,3,97.81,293.43,5,Direct
2271,332,Copenhagen Islands Brygge,4,2025-09-29,2025-10-03,4,109.35,437.4,4,Direct
2272,129,Seattle  South Lake Union,4,2026-05-22,2026-05-27,5,95.41,477.05,5,Direct
2273,45,AMSTERDAM AMSTEL,2,2026-06-11,2026-06-16,5,178.11,890.55,5,OTA
2274,76,Paris Gare De Lyon,4,2025-03-14,2025-03-20,6,99.85,599.1,,OTA
2275,265,London  Bankside,4,2025-02-04,2025-02-07,3,112.75,338.25,5,Direct
2276,157,copenhagen islands brygge,4,2026-01-12,2026-01-18,6,103.22,619.32,4,Corporate
2277,192,Rotterdam,3,2025-03-27,2025-04-03,7,171.46,1200.22,4,OTA
2278,2,AMSTERDAM AMSTEL,1,2026-04-28,2026-04-29,1,132.08,132.08,5,Direct
2279,240,AMSTERDAM AMSTEL,1,2025-02-26,2025-03-02,4,100.64,402.56,2,OTA
2280,195,Seattle  South Lake Union,4,2025-06-05,2025-06-11,6,101.17,607.02,4,Direct
2281,347,Amsterdam Amstel,4,2025-02-22,2025-03-01,7,106.6,746.2,,Direct
2282,84,boston north station,2,2025-06-29,2025-06-30,1,180.13,180.13,5,OTA
2283,332,seattle south lake union,4,2025-12-08,2025-12-14,6,108.27,649.62,5,Corporate
2284,78,paris gare de lyon,4,2025-09-22,2025-09-28,6,87.63,525.78,5,OTA
2285,48, Amsterdam Amstel ,2,2025-09-02,2025-09-06,4,179.77,719.08,5,Direct
2286,274,seattle south lake union,1,2026-01-21,2026-01-28,7,134.61,942.27,5,Direct
2287,267, Amsterdam Amstel ,3,2026-02-05,2026-02-10,5,190.89,954.45,5,OTA
2288,206,ROTTERDAM ,2,2025-10-18,2025-10-24,6,144.86,869.16,,OTA
2289,94,Copenhagen Islands Brygge,3,2026-01-18,2026-01-25,7,181.09,1267.63,4,Direct
2290,355, Amsterdam Amstel ,1,2025-09-14,2025-09-18,4,137.21,548.84,4,OTA
2291,211,ROTTERDAM ,1,2026-05-28,2026-06-03,6,133.8,802.8,3,OTA
2291,211,ROTTERDAM ,1,2026-05-28,2026-06-03,6,133.8,802.8,3,OTA
2292,76,amsterdam amstel,4,2025-09-29,2025-10-01,2,122.28,244.56,,Corporate
2293,265,Paris Gare De Lyon,4,2025-04-15,2025-04-21,6,122.3,733.8,5,Corporate
2294,157,boston north station,4,2025-01-06,2025-01-09,3,94.92,284.76,4,OTA
2295,42,Seattle South Lake Union,3,2026-03-17,2026-03-18,1,207.83,207.83,5,OTA
2296,229,paris gare de lyon,4,2026-05-31,2026-06-05,5,102.79,513.95,3,Direct
2297,263,boston north station,3,2026-04-08,2026-04-15,7,175.34,1227.38,4,OTA
2298,2,new york bowery,3,2026-03-22,2026-03-24,2,195.27,390.54,3,OTA
2299,79,Amsterdam Amstel,3,2026-06-25,2026-06-28,3,206.28,618.84,4,Direct
2300,70,copenhagen islands brygge,2,2025-09-03,2025-09-10,7,178.81,1251.67,5,Corporate
2301,119, Amsterdam Amstel ,1,2026-01-23,2026-01-24,1,103.79,103.79,5,Direct
2302,91,Seattle  South Lake Union,4,2025-03-11,2025-03-16,5,110.15,550.75,5,Corporate
2303,67,London Bankside,1,2025-08-03,2025-08-08,5,119.53,597.65,3,OTA
2304,214,AMSTERDAM AMSTEL,1,2025-11-23,2025-11-29,6,113.22,679.32,4,Direct
2305,363,copenhagen islands brygge,3,2025-03-23,2025-03-28,5,182.59,912.95,3,OTA
2306,268,Paris Gare De Lyon,4,2026-03-20,2026-03-25,5,120.66,603.3,5,OTA
2307,275,Boston North Station,2,2026-06-30,2026-07-03,3,127.1,381.3,3,OTA
2308,277,Paris Gare De Lyon,4,2025-04-04,2025-04-11,7,118.37,828.59,4,OTA
2309,151,copenhagen islands brygge,2,2026-03-30,2026-04-06,7,155.41,1087.87,3,Corporate
2310,237,Paris Gare De Lyon,4,2025-01-30,2025-02-05,6,85.74,514.44,5,OTA
2311,381,Seattle South Lake Union,1,2026-02-21,2026-02-23,2,108.02,216.04,4,Corporate
2312,89,rotterdam,2,2025-05-13,2025-05-20,7,171.76,1202.32,,Corporate
2313,300,ROTTERDAM ,4,2025-08-12,2025-08-13,1,114.99,114.99,4,Corporate
2314,160,Seattle South Lake Union,2,2025-09-18,2025-09-19,1,179.09,179.09,4,Direct
2315,231, New York Bowery,4,2025-02-09,2025-02-12,3,101.29,303.87,3,Direct
2316,205,copenhagen islands brygge,4,2025-08-27,2025-09-01,5,115.4,577.0,2,Corporate
2317,383,boston north station,4,2026-05-27,2026-06-02,6,92.62,555.72,4,OTA
2318,274,rotterdam,4,2026-03-25,2026-03-26,1,117.76,117.76,3,Corporate
2319,216,Boston North Station,3,2025-02-02,2025-02-06,4,218.2,872.8,,OTA
2320,126,amsterdam amstel,1,2025-05-01,2025-05-03,2,120.1,240.2,2,OTA
2321,165,Copenhagen Islands Brygge,1,2025-02-09,2025-02-14,5,139.37,696.85,3,Corporate
2322,207,new york bowery,4,2025-01-22,2025-01-24,2,102.59,205.18,5,Corporate
2323,221,ROTTERDAM ,3,2026-04-19,2026-04-25,6,220.58,1323.48,5,Corporate
2324,14,rotterdam,3,2025-11-28,2025-12-04,6,217.67,1306.02,4,Corporate
2325,287,Boston North Station,2,2025-12-20,2025-12-22,2,132.38,264.76,4,Direct
2326,202,Paris Gare de Lyon,3,2025-04-09,2025-04-16,7,217.66,1523.62,5,Corporate
2327,77,boston north station,1,2025-07-29,2025-07-30,1,127.09,127.09,2,Corporate
2328,154,amsterdam amstel,1,2025-07-13,2025-07-20,7,127.89,895.23,4,Corporate
2329,378,Boston North Station,2,2025-07-25,2025-08-01,7,141.2,988.4,5,Direct
2330,20,London  Bankside,3,2025-06-18,2025-06-21,3,194.06,582.18,5,Direct
2331,70,Boston North Station,2,2025-06-07,2025-06-10,3,125.55,376.65,4,Direct
2332,135,Boston North Station,3,2026-04-30,2026-05-01,1,215.52,215.52,2,Direct
2333,96,Copenhagen Islands Brygge,4,2025-09-02,2025-09-05,3,89.91,269.73,5,OTA
2334,43, New York Bowery,2,2025-02-10,2025-02-11,1,172.88,172.88,4,OTA
2335,195,London  Bankside,4,2025-11-06,2025-11-13,7,92.65,648.55,4,OTA
2336,344,Paris Gare de Lyon,2,2025-07-16,2025-07-19,3,156.32,468.96,3,OTA
2337,251,copenhagen islands brygge,1,2025-11-04,2025-11-10,6,141.29,847.74,,OTA
2338,59,London  Bankside,4,2025-10-25,2025-10-26,1,118.44,118.44,3,Direct
2339,135,new york bowery,3,2026-03-17,2026-03-18,1,175.89,175.89,5,Corporate
2340,178,seattle south lake union,2,2026-01-02,2026-01-08,6,150.63,903.78,2,OTA
2341,340,amsterdam amstel,4,2026-05-31,2026-06-06,6,110.29,661.74,5,Direct
2342,389,amsterdam amstel,4,2025-07-30,2025-07-31,1,118.55,118.55,4,Corporate
2343,352,copenhagen islands brygge,2,2025-05-21,2025-05-28,7,163.47,1144.29,5,Corporate
2344,297,Amsterdam Amstel,4,2025-03-09,2025-03-12,3,106.76,320.28,4,OTA
2345,274,copenhagen islands brygge,4,2025-10-28,2025-10-31,3,106.09,318.27,3,OTA
2346,375,ROTTERDAM ,1,2026-05-20,2026-05-22,2,135.2,270.4,3,OTA
2347,141,ROTTERDAM ,3,2025-11-20,2025-11-27,7,216.99,1518.93,2,OTA
2348,220,Paris Gare de Lyon,4,2025-07-31,2025-08-05,5,92.93,464.65,3,OTA
2349,356, Amsterdam Amstel ,2,2026-02-26,2026-03-01,3,153.95,461.85,5,Direct
2350,202,Boston North Station,2,2026-05-18,2026-05-25,7,127.25,890.75,5,OTA
2351,20,seattle south lake union,1,2025-09-24,2025-09-27,3,98.31,294.93,5,Direct
2352,58,Paris Gare De Lyon,3,2025-08-08,2025-08-14,6,175.27,1051.62,2,Corporate
2353,193,amsterdam amstel,1,2025-04-02,2025-04-07,5,115.53,577.65,4,Corporate
2354,90,rotterdam,4,2026-05-28,2026-05-30,2,114.12,228.24,3,Direct
2355,149,amsterdam amstel,3,2025-11-19,2025-11-22,3,234.18,702.54,2,Direct
2355,149,amsterdam amstel,3,2025-11-19,2025-11-22,3,234.18,702.54,2,Direct
2356,48,Amsterdam Amstel,4,2025-05-21,2025-05-23,2,91.19,182.38,3,OTA
2357,354,Boston North Station,1,2026-04-01,2026-04-07,6,107.15,642.9,3,Direct
2358,324,ROTTERDAM ,4,2025-01-22,2025-01-29,7,95.33,667.31,4,Corporate
2359,97,London Bankside,4,2025-09-23,2025-09-30,7,114.9,804.3,5,Corporate
2360,243, New York Bowery,4,2025-02-04,2025-02-05,1,92.06,92.06,4,OTA
2361,93,london bankside,3,2025-09-19,2025-09-22,3,199.37,598.11,5,Direct
2362,358,Seattle  South Lake Union,3,2026-03-22,2026-03-24,2,182.84,182.84,4,Direct
2363,139,Seattle South Lake Union,3,2026-04-18,2026-04-23,5,191.61,958.05,4,Direct
2364,117, New York Bowery,2,2026-03-09,2026-03-12,3,153.7,461.1,4,Direct
2365,239,Seattle South Lake Union,1,2025-05-09,2025-05-15,6,110.48,662.88,5,Direct
2366,139,New York Bowery,3,2025-10-16,2025-10-17,1,234.6,234.6,3,Corporate
2367,110, New York Bowery,4,2025-06-23,2025-06-29,6,103.43,620.58,2,OTA
2368,107,London  Bankside,1,2025-05-22,2025-05-26,4,114.6,458.4,5,Direct
2369,374,Paris Gare De Lyon,1,2026-06-22,2026-06-29,7,118.54,829.78,3,Corporate
2370,373,AMSTERDAM AMSTEL,1,2025-04-29,2025-05-03,4,111.21,444.84,5,Direct
2371,389,New York Bowery,4,2026-01-07,2026-01-14,7,113.3,793.1,5,OTA
2372,95,ROTTERDAM ,2,2026-05-24,2026-05-30,6,179.06,1074.36,5,Direct
2373,76,London  Bankside,3,2025-09-06,2025-09-08,2,177.27,354.54,3,OTA
2374,248,paris gare de lyon,1,2026-02-23,2026-03-01,6,129.84,779.04,2,OTA
2375,332, New York Bowery,3,2026-04-16,2026-04-17,1,200.53,200.53,3,Direct
2376,97,Amsterdam Amstel,4,2025-01-10,2025-01-17,7,108.06,756.42,,OTA
2377,366,AMSTERDAM AMSTEL,4,2025-08-19,2025-08-21,2,115.92,231.84,5,OTA
2378,345,Boston North Station,4,2026-05-19,2026-05-25,6,102.23,613.38,4,Corporate
2379,345,seattle south lake union,3,2025-12-15,2025-12-19,4,180.17,720.68,4,Direct
2380,53,Paris Gare De Lyon,4,2025-10-05,2025-10-09,4,98.8,395.2,5,Corporate
2381,96,Paris Gare de Lyon,4,2025-07-03,2025-07-07,4,122.61,490.44,4,Direct
2382,88,boston north station,3,2026-03-30,2026-04-01,2,216.35,432.7,5,Direct
2383,376,Boston North Station,4,2025-08-21,2025-08-24,3,105.07,315.21,4,Direct
2384,65,Rotterdam,3,2025-07-24,2025-07-28,4,213.55,854.2,5,Corporate
2385,371,new york bowery,4,2025-08-02,2025-08-04,2,102.01,204.02,5,OTA
2386,396,Copenhagen Islands Brygge,2,2026-04-22,2026-04-24,2,171.41,342.82,5,OTA
2387,19,New York Bowery,2,2025-08-23,2025-08-29,6,167.74,1006.44,,OTA
2388,18,new york bowery,2,2026-04-02,2026-04-03,1,135.72,135.72,3,OTA
2389,144, New York Bowery,3,2026-02-13,2026-02-19,6,176.34,1058.04,5,Direct
2390,52,new york bowery,3,2025-04-27,2025-05-01,4,213.3,853.2,5,Direct
2391,155,rotterdam,2,2025-04-09,2025-04-12,3,163.84,491.52,5,OTA
2392,106, Amsterdam Amstel ,2,2026-04-07,2026-04-09,2,180.19,360.38,3,OTA
2393,285,Paris Gare De Lyon,2,2025-02-08,2025-02-10,2,159.22,318.44,3,OTA
2394,122,Rotterdam,2,2025-04-07,2025-04-12,5,167.22,836.1,2,Corporate
2395,170,amsterdam amstel,1,2026-02-10,2026-02-14,4,137.84,551.36,2,Direct
2396,153,Seattle South Lake Union,4,2026-03-04,2026-03-08,4,96.82,387.28,3,OTA
2397,316,ROTTERDAM ,1,2025-01-01,2025-01-03,2,106.17,212.34,5,OTA
2398,389,ROTTERDAM ,4,2025-09-05,2025-09-11,6,93.32,559.92,2,OTA
2399,148,ROTTERDAM ,1,2025-07-25,2025-07-30,5,112.07,560.35,2,Corporate
2400,263,Seattle South Lake Union,4,2025-08-11,2025-08-12,1,113.56,113.56,4,Direct
2401,114,copenhagen islands brygge,2,2025-12-26,2026-01-01,6,169.29,1015.74,4,OTA
2402,289,seattle south lake union,2,2025-03-08,2025-03-12,4,125.38,501.52,,Direct
2403,369,copenhagen islands brygge,1,2026-03-29,2026-03-31,2,130.62,261.24,5,Direct
2404,241, New York Bowery,3,2026-01-07,2026-01-13,6,177.01,1062.06,5,OTA
2405,50,new york bowery,4,2025-10-27,2025-11-03,7,110.65,774.55,3,Corporate
2406,367,Seattle South Lake Union,3,2026-03-05,2026-03-09,4,233.26,933.04,5,OTA
2407,67, Amsterdam Amstel ,1,2025-12-06,2025-12-10,4,138.14,552.56,3,Corporate
2408,304,Seattle South Lake Union,2,2026-04-01,2026-04-04,3,139.78,419.34,2,OTA
2409,81,AMSTERDAM AMSTEL,3,2025-03-01,2025-03-03,2,208.77,417.54,2,OTA
2410,114,paris gare de lyon,3,2025-08-26,2025-08-29,3,200.77,602.31,4,Direct
2411,121,Copenhagen Islands Brygge,4,2025-03-07,2025-03-08,1,87.21,87.21,5,Corporate
2412,301, Amsterdam Amstel ,1,2025-08-06,2025-08-10,4,117.34,469.36,4,Direct
2413,60,Paris Gare de Lyon,3,2025-02-15,2025-02-22,7,213.54,1494.78,4,OTA
2414,289,London  Bankside,1,2025-02-13,2025-02-20,7,103.45,724.15,3,Corporate
2415,1,copenhagen islands brygge,1,2025-08-17,2025-08-22,5,130.77,653.85,5,Corporate
2416,266,Seattle South Lake Union,1,2025-04-19,2025-04-20,1,135.4,135.4,5,OTA
2417,29,ROTTERDAM ,4,2025-04-03,2025-04-08,5,107.09,535.45,3,Corporate
2418,62,rotterdam,1,2025-08-16,2025-08-23,7,116.05,812.35,3,Direct
2419,329,Amsterdam Amstel,3,2025-06-01,2025-06-06,5,223.56,1117.8,3,Corporate
2420,217,London  Bankside,1,2025-06-07,2025-06-12,5,133.54,667.7,3,Corporate
2421,289,Paris Gare de Lyon,3,2025-02-12,2025-02-18,6,245.1,1470.6,4,Direct
2422,80,rotterdam,4,2025-09-19,2025-09-18,-1,89.54,-89.54,4,OTA
2423,199,New York Bowery,3,2025-03-17,2025-03-21,4,221.04,884.16,4,Direct
2424,42,London  Bankside,1,2025-05-15,2025-05-22,7,126.23,883.61,3,OTA
2425,369,Seattle  South Lake Union,2,2025-03-02,2025-03-06,4,137.4,549.6,4,OTA
2426,299,London Bankside,4,2025-04-21,2025-04-26,5,118.19,590.95,5,Corporate
2427,387,London Bankside,1,2025-08-11,2025-08-18,7,120.72,845.04,5,OTA
2428,383,boston north station,4,2025-02-13,2025-02-18,5,111.79,558.95,4,OTA
2429,289,boston north station,3,2025-09-27,2025-09-30,3,196.74,590.22,5,Corporate
2430,68,AMSTERDAM AMSTEL,4,2025-09-26,2025-09-29,3,108.08,324.24,3,Corporate
2431,133,AMSTERDAM AMSTEL,2,2025-10-08,2025-10-09,1,162.08,162.08,5,Direct
2432,92,seattle south lake union,3,2025-07-15,2025-07-21,6,210.44,1262.64,2,OTA
2433,50,New York Bowery,4,2025-10-20,2025-10-24,4,122.76,491.04,5,Direct
2434,8,ROTTERDAM ,2,2026-02-01,2026-02-03,2,149.9,299.8,4,Direct
2435,5,copenhagen islands brygge,2,2025-11-12,2025-11-17,5,140.12,700.6,3,Direct
2436,203,Amsterdam Amstel,3,2026-01-23,2026-01-25,2,226.5,453.0,,Direct
2437,106,Seattle South Lake Union,1,2025-06-01,2025-06-04,3,105.92,317.76,4,Direct
2438,382, Amsterdam Amstel ,3,2026-02-04,2026-02-05,1,178.26,178.26,5,OTA
2438,382, Amsterdam Amstel ,3,2026-02-04,2026-02-05,1,178.26,178.26,5,OTA
2439,117,ROTTERDAM ,3,2025-07-23,2025-07-30,7,224.46,1571.22,4,Direct
2440,340,new york bowery,2,2025-09-06,2025-09-08,2,165.01,330.02,4,OTA
2441,372,Boston North Station,1,2025-10-11,2025-10-17,6,101.37,608.22,3,Direct
2442,349,Boston North Station,4,2026-05-09,2026-05-14,5,91.24,456.2,5,Direct
2443,117,Copenhagen Islands Brygge,1,2025-08-11,2025-08-15,4,122.77,491.08,3,Direct
2444,78,AMSTERDAM AMSTEL,3,2025-06-16,2025-06-20,4,205.12,820.48,2,Corporate
2445,145,seattle south lake union,3,2025-05-11,2025-05-15,4,223.19,892.76,3,Direct
2446,160,paris gare de lyon,3,2025-07-10,2025-07-12,2,185.42,370.84,5,OTA
2447,24, Amsterdam Amstel ,2,2025-09-15,2025-09-18,3,155.9,467.7,3,OTA
2447,24, Amsterdam Amstel ,2,2025-09-15,2025-09-18,3,155.9,467.7,3,OTA
2448,204,boston north station,4,2026-03-22,2026-03-26,4,112.43,449.72,3,Direct
2449,371,Seattle South Lake Union,2,2025-02-26,2025-03-04,6,136.64,819.84,3,Direct
2450,191,New York Bowery,2,2026-02-10,2026-02-12,2,161.51,323.02,5,Direct
2451,2,Boston North Station,1,2025-01-16,2025-01-23,7,110.19,771.33,4,OTA
2452,363,boston north station,4,2025-11-16,2025-11-19,3,93.61,280.83,5,Direct
2453,117,Rotterdam,2,2025-10-11,2025-10-18,7,150.17,1051.19,,Direct
2454,155, New York Bowery,2,2025-10-29,2025-11-01,3,152.7,458.1,3,OTA
2455,272,London  Bankside,1,2026-05-03,2026-05-08,5,139.43,697.15,4,OTA
2456,131,Seattle  South Lake Union,2,2026-04-13,2026-04-17,4,137.31,549.24,5,Direct
2457,61,New York Bowery,2,2025-06-21,2025-06-23,2,158.58,317.16,5,Direct
2457,61,New York Bowery,2,2025-06-21,2025-06-23,2,158.58,317.16,5,Direct
2458,352,Seattle South Lake Union,1,2025-11-16,2025-11-22,6,130.27,781.62,3,OTA
2459,371,seattle south lake union,4,2025-09-19,2025-09-20,1,93.9,93.9,4,Direct
2460,368,seattle south lake union,2,2025-06-15,2025-06-22,7,172.5,1207.5,4,OTA
2461,213, New York Bowery,2,2026-05-08,2026-05-13,5,167.5,837.5,5,OTA
2462,154,New York Bowery,3,2026-03-18,2026-03-23,5,227.59,1137.95,2,Direct
2463,119,boston north station,1,2025-07-06,2025-07-08,2,137.96,275.92,4,Corporate
2464,267,London Bankside,3,2026-03-20,2026-03-23,3,243.2,729.6,5,OTA
2465,388,london bankside,1,2025-11-11,2025-11-16,5,139.0,695.0,5,OTA
2466,297,copenhagen islands brygge,3,2026-01-06,2026-01-12,6,211.87,1271.22,4,Corporate
2467,294,new york bowery,2,2025-04-17,2025-04-19,2,147.9,295.8,2,Direct
2468,219,copenhagen islands brygge,4,2026-05-03,2026-05-07,4,93.46,373.84,2,Corporate
2469,300,Boston North Station,3,2025-08-14,2025-08-21,7,212.09,1484.63,3,OTA
2470,99,Seattle South Lake Union,2,2025-01-14,2025-01-20,6,172.33,1033.98,,Direct
2471,158,london bankside,1,2025-11-12,2025-11-15,3,106.77,320.31,5,Direct
2472,2,Amsterdam Amstel,4,2025-04-10,2025-04-17,7,115.04,805.28,5,OTA
2473,247,london bankside,2,2026-06-28,2026-07-04,6,146.31,877.86,2,OTA
2474,300,Paris Gare de Lyon,4,2025-05-02,2025-05-03,1,114.44,114.44,2,OTA
2475,82,copenhagen islands brygge,3,2026-01-07,2026-01-12,5,177.93,889.65,4,Direct
2476,240,paris gare de lyon,1,2025-05-02,2025-05-03,1,111.54,111.54,5,OTA
2477,212,Paris Gare De Lyon,1,2026-03-11,2026-03-16,5,120.27,601.35,3,Direct
2478,310,ROTTERDAM ,4,2025-07-25,2025-07-28,3,122.98,368.94,5,OTA
2479,140,copenhagen islands brygge,4,2025-02-22,2025-02-24,2,91.21,182.42,5,Corporate
2480,266,boston north station,4,2026-02-01,2026-02-05,4,116.63,466.52,5,Corporate
2481,227,new york bowery,3,2025-11-24,2025-11-30,6,218.37,1310.22,4,Direct
2482,348, Amsterdam Amstel ,4,2025-11-19,2025-11-21,2,95.33,190.66,3,Corporate
2483,269,AMSTERDAM AMSTEL,1,2026-01-19,2026-01-21,2,106.76,213.52,2,OTA
2484,209,London Bankside,4,2025-11-07,2025-11-13,6,111.97,671.82,5,Direct
2485,181,Boston North Station,1,2026-01-31,2026-02-02,2,141.24,282.48,5,Direct
2486,185,paris gare de lyon,2,2026-06-30,2026-07-04,4,149.11,596.44,5,Direct
2487,355,copenhagen islands brygge,4,2026-03-19,2026-03-25,6,93.8,562.8,4,OTA
2488,58,seattle south lake union,3,2025-05-31,2025-06-07,7,242.29,1696.03,,Direct
2489,23,seattle south lake union,4,2025-04-23,2025-04-29,6,97.96,587.76,3,Direct
2490,266,Seattle South Lake Union,2,2025-08-30,2025-09-06,7,148.85,1041.95,3,Direct
2491,362,rotterdam,4,2026-06-25,2026-06-30,5,98.47,492.35,4,OTA
2492,15,paris gare de lyon,4,2026-06-25,2026-06-29,4,114.24,456.96,4,OTA
2493,308,London Bankside,2,2025-09-02,2025-09-08,6,130.37,782.22,4,Direct
2494,331,ROTTERDAM ,3,2025-04-15,2025-04-21,6,185.76,1114.56,5,OTA
2495,259,ROTTERDAM ,1,2026-05-17,2026-05-22,5,100.06,500.3,2,Corporate
2496,137,AMSTERDAM AMSTEL,1,2026-05-23,2026-05-24,1,121.11,121.11,5,Corporate
2497,117,New York Bowery,3,2026-06-14,2026-06-21,7,205.06,1435.42,4,Direct
2498,246,Boston North Station,2,2026-06-11,2026-06-12,1,135.62,135.62,3,OTA
2499,126,copenhagen islands brygge,1,2026-03-15,2026-03-19,4,112.3,449.2,5,Corporate
2500,301,ROTTERDAM ,2,2025-01-25,2025-01-27,2,179.13,358.26,4,Corporate
2501,381,Amsterdam Amstel,3,2025-06-12,2025-06-14,2,219.16,438.32,2,OTA
2502,184,Paris Gare de Lyon,4,2025-12-28,2025-12-31,3,122.68,368.04,4,Corporate
2503,350,amsterdam amstel,4,2025-08-02,2025-08-04,2,91.05,182.1,4,OTA
2504,12,Rotterdam,3,2025-05-12,2025-05-14,2,241.72,483.44,5,Direct
2505,155,Paris Gare de Lyon,1,2025-02-03,2025-02-08,5,140.29,701.45,4,Corporate
2506,184, New York Bowery,4,2026-05-13,2026-05-18,5,93.27,466.35,4,Corporate
2507,270,Rotterdam,1,2026-01-19,2026-01-26,7,104.94,734.58,3,OTA
2508,301,Boston North Station,3,2025-04-11,2025-04-16,5,235.93,1179.65,5,OTA
2509,174,london bankside,1,2025-09-07,2025-09-08,1,103.5,103.5,4,Corporate
2510,53,seattle south lake union,3,2025-01-16,2025-01-23,7,192.34,1346.38,4,Corporate
2511,131,Paris Gare De Lyon,3,2026-02-21,2026-02-27,6,188.04,1128.24,5,Direct
2512,181,rotterdam,2,2026-01-13,2026-01-20,7,153.5,1074.5,3,OTA
2513,398,seattle south lake union,3,2025-11-04,2025-11-08,4,204.27,817.08,5,OTA
2514,363,rotterdam,1,2025-05-10,2025-05-12,2,104.57,209.14,3,Direct
2515,32,AMSTERDAM AMSTEL,3,2025-12-05,2025-12-08,3,191.59,574.77,2,Corporate
2516,219,london bankside,2,2025-07-22,2025-07-28,6,168.92,1013.52,5,Corporate
2517,16,new york bowery,2,2026-04-07,2026-04-11,4,159.8,639.2,2,OTA
2518,76,paris gare de lyon,4,2026-02-11,2026-02-14,3,87.88,263.64,4,OTA
2519,26,Seattle  South Lake Union,1,2025-12-14,2025-12-17,3,112.77,338.31,5,OTA
2520,96,rotterdam,1,2026-03-11,2026-03-16,5,127.03,635.15,5,Direct
2521,389, Amsterdam Amstel ,1,2025-11-05,2025-11-12,7,102.1,714.7,5,Direct
2522,349,rotterdam,4,2025-11-25,2025-12-02,7,109.28,764.96,3,OTA
2523,36,amsterdam amstel,4,2025-02-06,2025-02-11,5,122.11,610.55,3,Direct
2524,191, Amsterdam Amstel ,2,2025-03-22,2025-03-23,1,171.87,171.87,4,Direct
2525,348, New York Bowery,2,2025-08-11,2025-08-16,5,152.89,764.45,5,OTA
2526,87,Seattle  South Lake Union,1,2026-06-30,2026-07-05,5,111.06,555.3,5,Direct
2527,128,copenhagen islands brygge,3,2025-05-19,2025-05-19,0,192.7,0.0,4,Direct
2528,77,seattle south lake union,4,2025-11-11,2025-11-14,3,95.29,285.87,3,OTA
2529,123,copenhagen islands brygge,4,2025-12-02,2025-12-07,5,111.84,559.2,5,OTA
2530,340,copenhagen islands brygge,1,2025-11-10,2025-11-13,3,124.69,374.07,4,Corporate
2531,160,copenhagen islands brygge,2,2025-07-20,2025-07-25,5,177.45,887.25,5,OTA
2532,200,boston north station,4,2026-06-16,2026-06-17,1,90.13,90.13,4,OTA
2533,341,Paris Gare de Lyon,2,2025-09-30,2025-10-04,4,132.74,530.96,3,OTA
2534,199,Boston North Station,1,2025-07-28,2025-08-02,5,138.21,691.05,3,Direct
2535,169, Amsterdam Amstel ,3,2026-01-30,2026-02-05,6,237.34,1424.04,5,Corporate
2536,198,Seattle  South Lake Union,1,2025-02-25,2025-02-28,3,135.15,405.45,2,Direct
2537,309,boston north station,3,2025-08-08,2025-08-12,4,182.62,730.48,2,Direct
2538,91,boston north station,1,2025-03-04,2025-03-07,3,140.86,422.58,5,Direct
2539,128,Paris Gare de Lyon,3,2025-03-26,2025-04-01,6,213.32,1279.92,5,Direct
2540,115,London Bankside,3,2025-11-24,2025-11-25,1,217.42,217.42,4,OTA
2541,211,seattle south lake union,2,2025-07-10,2025-07-17,7,157.96,1105.72,5,OTA
2542,21,AMSTERDAM AMSTEL,1,2026-05-18,2026-05-19,1,104.69,104.69,3,Direct
2543,186,boston north station,1,2025-12-08,2025-12-15,7,98.93,692.51,2,Direct
2544,258,new york bowery,2,2025-02-15,2025-02-18,3,125.45,376.35,4,Direct
2545,72,amsterdam amstel,1,2026-02-16,2026-02-21,5,110.64,553.2,3,Direct
2546,80,Seattle South Lake Union,1,2025-10-18,2025-10-20,2,103.6,207.2,4,Direct
2547,90,Copenhagen Islands Brygge,2,2025-07-26,2025-07-30,4,148.11,592.44,,OTA
2548,174,rotterdam,2,2026-03-08,2026-03-12,4,174.82,699.28,2,Direct
2549,371,paris gare de lyon,3,2025-04-26,2025-04-25,-1,238.4,-238.4,2,Direct
2550,237, Amsterdam Amstel ,1,2025-03-14,2025-03-16,2,120.88,241.76,5,OTA
2551,187,Paris Gare de Lyon,2,2025-08-24,2025-08-31,7,137.96,965.72,4,Corporate
2552,215,Rotterdam,3,2026-04-30,2026-05-07,7,203.54,1424.78,4,OTA
2553,91,paris gare de lyon,4,2025-09-29,2025-10-03,4,115.3,461.2,4,OTA
2554,36, Amsterdam Amstel ,1,2025-11-27,2025-12-03,6,120.09,720.54,,OTA
2555,371,copenhagen islands brygge,2,2025-08-18,2025-08-22,4,138.34,553.36,4,OTA
2556,296,Amsterdam Amstel,3,2025-05-03,2025-05-07,4,190.02,760.08,,OTA
2557,383,Seattle South Lake Union,3,2026-03-28,2026-03-29,1,184.01,184.01,4,OTA
2558,230,Seattle South Lake Union,3,2026-01-25,2026-01-30,5,198.72,993.6,5,Direct
2559,397, New York Bowery,2,2025-02-01,2025-02-08,7,179.65,1257.55,4,OTA
2560,127,Copenhagen Islands Brygge,1,2026-05-15,2026-05-20,5,136.88,684.4,,OTA
2561,23,boston north station,4,2025-12-25,2025-12-31,6,109.42,656.52,4,Corporate
2562,11,rotterdam,4,2026-01-27,2026-02-03,7,107.41,751.87,5,Corporate
2563,57,paris gare de lyon,2,2026-02-25,2026-02-26,1,179.49,179.49,2,Direct
2564,379,Copenhagen Islands Brygge,1,2025-01-28,2025-02-02,5,132.45,662.25,5,Direct
2565,335,Amsterdam Amstel,4,2025-02-20,2025-02-21,1,123.3,123.3,2,OTA
2566,252,seattle south lake union,4,2025-02-20,2025-02-21,1,107.87,107.87,2,Direct
2567,332,rotterdam,4,2025-11-10,2025-11-14,4,104.15,416.6,4,Corporate
2568,86,London  Bankside,2,2025-02-07,2025-02-10,3,175.23,525.69,3,OTA
2569,375,seattle south lake union,2,2025-12-27,2025-12-28,1,144.94,144.94,5,OTA
2570,186,Seattle South Lake Union,1,2025-05-14,2025-05-20,6,129.79,778.74,5,Corporate
2571,315,new york bowery,3,2025-11-11,2025-11-13,2,198.29,396.58,5,OTA
2572,314,Amsterdam Amstel,2,2025-03-05,2025-03-11,6,139.23,835.38,4,Direct
2573,216,London  Bankside,2,2025-08-04,2025-08-07,3,127.19,381.57,3,Direct
2574,329, Amsterdam Amstel ,4,2026-06-28,2026-06-30,2,113.55,227.1,4,Corporate
2575,354,paris gare de lyon,2,2025-02-24,2025-02-26,2,140.49,280.98,5,OTA
2576,81,Paris Gare De Lyon,4,2025-07-21,2025-07-24,3,90.14,270.42,4,OTA
2577,331,london bankside,4,2026-06-07,2026-06-11,4,120.94,483.76,5,Direct
2578,167, Amsterdam Amstel ,4,2026-05-22,2026-05-28,6,117.61,705.66,5,OTA
2579,329,new york bowery,3,2025-07-31,2025-08-03,3,240.03,720.09,4,Direct
2580,81,paris gare de lyon,1,2025-10-06,2025-10-11,5,132.42,662.1,4,Corporate
2581,132,Paris Gare De Lyon,2,2025-07-24,2025-07-29,5,154.89,774.45,5,OTA
2582,205,Rotterdam,3,2025-08-22,2025-08-29,7,218.73,1531.11,4,Direct
2583,400,paris gare de lyon,4,2025-09-24,2025-09-29,5,96.08,480.4,4,Direct
2584,280,London  Bankside,4,2025-04-27,2025-04-29,2,114.48,228.96,3,Corporate
2585,52,Boston North Station,1,2025-11-29,2025-12-05,6,135.38,812.28,4,Direct
2586,352,copenhagen islands brygge,2,2026-01-29,2026-01-31,2,177.41,354.82,5,OTA
2586,352,copenhagen islands brygge,2,2026-01-29,2026-01-31,2,177.41,354.82,5,OTA
2587,119,Paris Gare de Lyon,3,2025-09-14,2025-09-21,7,223.72,1566.04,3,Direct
2588,127,london bankside,3,2025-08-23,2025-08-26,3,239.13,717.39,4,Corporate
2589,214,Amsterdam Amstel,1,2025-09-13,2025-09-18,5,141.06,705.3,4,OTA
2590,324,london bankside,1,2025-07-01,2025-07-02,1,105.31,105.31,5,Direct
2591,224, Amsterdam Amstel ,3,2025-03-29,2025-04-03,5,238.7,1193.5,3,OTA
2592,7,ROTTERDAM ,2,2026-06-15,2026-06-18,3,158.31,474.93,4,Corporate
2593,314,Seattle  South Lake Union,1,2026-01-18,2026-01-24,6,105.53,633.18,4,Corporate
2594,300,Paris Gare de Lyon,1,2025-04-16,2025-04-22,6,122.97,737.82,5,Corporate
2595,111,Amsterdam Amstel,3,2026-02-11,2026-02-16,5,213.98,1069.9,4,OTA
2595,111,Amsterdam Amstel,3,2026-02-11,2026-02-16,5,213.98,1069.9,4,OTA
2596,364,London Bankside,1,2025-04-21,2025-04-25,4,99.97,399.88,3,Corporate
2597,187,copenhagen islands brygge,3,2025-03-17,2025-03-23,6,205.13,1230.78,4,Direct
2598,53,ROTTERDAM ,4,2025-11-16,2025-11-19,3,107.42,322.26,4,OTA
2599,51,Amsterdam Amstel,2,2025-03-05,2025-03-10,5,132.74,663.7,2,OTA
2600,94,new york bowery,3,2025-01-13,2025-01-19,6,236.73,1420.38,5,Direct
2601,125,London  Bankside,2,2025-01-11,2025-01-13,2,177.21,354.42,5,OTA
2602,243,AMSTERDAM AMSTEL,4,2025-01-31,2025-02-03,3,109.03,327.09,3,Direct
2603,27,seattle south lake union,4,2026-05-14,2026-05-21,7,87.01,609.07,4,Direct
2604,19, New York Bowery,3,2025-03-16,2025-03-17,1,231.67,231.67,5,OTA
2605,177,Seattle South Lake Union,3,2025-07-07,2025-07-11,4,237.03,948.12,3,OTA
2606,386,seattle south lake union,2,2025-11-23,2025-11-29,6,155.99,935.94,3,OTA
2607,344,Copenhagen Islands Brygge,2,2026-04-16,2026-04-21,5,153.79,768.95,5,OTA
2608,119,Seattle  South Lake Union,1,2026-06-18,2026-06-23,5,123.34,616.7,4,OTA
2609,98,London  Bankside,3,2025-09-13,2025-09-16,3,224.53,673.59,5,Direct
2610,371,Rotterdam,3,2025-10-17,2025-10-23,6,216.36,1298.16,3,Direct
2611,65,copenhagen islands brygge,1,2025-09-01,2025-09-06,5,133.5,667.5,4,Corporate
2612,384,rotterdam,2,2025-06-16,2025-06-19,3,143.82,431.46,3,Corporate
2613,50,rotterdam,4,2025-08-02,2025-08-08,6,89.67,538.02,,Direct
2614,345,Rotterdam,2,2026-03-16,2026-03-18,2,144.86,289.72,4,Corporate
2615,73,new york bowery,2,2025-08-31,2025-09-03,3,173.26,519.78,3,Direct
2616,348,amsterdam amstel,2,2025-08-10,2025-08-16,6,131.33,787.98,5,OTA
2617,158,new york bowery,4,2025-11-24,2025-11-26,2,90.06,180.12,5,OTA
2618,37,Seattle South Lake Union,1,2025-11-10,2025-11-15,5,107.07,535.35,4,OTA
2619,28,Paris Gare de Lyon,4,2025-12-09,2025-12-16,7,119.27,834.89,,OTA
2620,361,amsterdam amstel,4,2025-11-01,2025-11-06,5,112.68,563.4,5,OTA
2621,130,London  Bankside,1,2025-03-31,2025-04-04,4,120.68,482.72,4,OTA
2622,324,Seattle  South Lake Union,2,2025-07-08,2025-07-15,7,156.67,1096.69,5,OTA
2623,330,Boston North Station,3,2026-05-23,2026-05-26,3,185.59,556.77,,Corporate
2624,151,Amsterdam Amstel,4,2025-01-02,2025-01-03,1,96.61,96.61,3,Corporate
2625,156,Seattle  South Lake Union,2,2025-02-18,2025-02-24,6,179.35,1076.1,4,OTA
2626,67,copenhagen islands brygge,1,2026-05-16,2026-05-20,4,101.45,405.8,3,OTA
2627,217,seattle south lake union,4,2026-03-25,2026-03-28,3,93.77,281.31,4,OTA
2628,294,London  Bankside,2,2026-04-13,2026-04-19,6,134.04,804.24,5,Corporate
2629,175,boston north station,4,2026-06-07,2026-06-14,7,110.02,770.14,3,OTA
2630,297,AMSTERDAM AMSTEL,4,2025-11-16,2025-11-22,6,94.92,569.52,4,Direct
2631,99,ROTTERDAM ,1,2025-11-30,2025-12-02,2,129.5,259.0,5,OTA
2632,94, New York Bowery,4,2025-03-25,2025-03-31,6,95.06,570.36,3,Direct
2633,28,amsterdam amstel,4,2025-03-18,2025-03-25,7,102.93,720.51,,Corporate
2634,173,ROTTERDAM ,2,2025-11-24,2025-11-27,3,167.32,501.96,3,Direct
2635,367,Paris Gare De Lyon,2,2025-04-19,2025-04-26,7,166.26,1163.82,4,Direct
2636,254, Amsterdam Amstel ,1,2025-05-08,2025-05-15,7,115.65,809.55,4,OTA
2637,12,Boston North Station,3,2026-03-14,2026-03-18,4,209.55,838.2,5,Direct
2638,255,boston north station,1,2025-09-22,2025-09-27,5,118.59,592.95,5,OTA
2639,125,amsterdam amstel,2,2025-12-01,2025-12-05,4,163.63,654.52,3,Direct
2640,193,paris gare de lyon,4,2026-06-27,2026-07-02,5,118.74,593.7,5,Direct
2641,117, Amsterdam Amstel ,1,2026-04-21,2026-04-25,4,136.4,545.6,4,OTA
2642,145,Seattle South Lake Union,1,2025-04-18,2025-04-24,6,102.17,613.02,5,OTA
2643,353,boston north station,4,2026-01-16,2026-01-17,1,90.24,90.24,4,Direct
2644,124,new york bowery,4,2025-10-05,2025-10-07,2,91.37,182.74,5,Corporate
2645,47,paris gare de lyon,2,2025-07-30,2025-07-31,1,143.81,143.81,4,Direct
2646,6,AMSTERDAM AMSTEL,4,2025-04-15,2025-04-17,2,110.19,220.38,5,OTA
2647,84,boston north station,4,2026-03-25,2026-03-31,6,94.79,568.74,3,OTA
2648,64,Copenhagen Islands Brygge,4,2025-04-22,2025-04-28,6,114.55,687.3,5,OTA
2649,141,London  Bankside,3,2025-11-19,2025-11-21,2,228.61,457.22,3,Direct
2650,274,Rotterdam,1,2025-10-04,2025-10-11,7,133.72,936.04,5,OTA
2651,190,ROTTERDAM ,2,2025-12-23,2025-12-28,5,136.57,682.85,4,OTA
2652,15, Amsterdam Amstel ,4,2025-11-20,2025-11-21,1,112.71,112.71,5,Corporate
2653,184,Boston North Station,2,2025-10-15,2025-10-21,6,152.47,914.82,5,Corporate
2654,18,Boston North Station,3,2026-03-14,2026-03-17,3,173.79,260.69,2,Direct
2655,187,seattle south lake union,2,2026-05-24,2026-05-28,4,168.75,675.0,3,Corporate
2656,299,Copenhagen Islands Brygge,1,2025-05-24,2025-05-25,1,135.0,135.0,4,Corporate
2657,102,ROTTERDAM ,4,2025-02-14,2025-02-15,1,87.8,87.8,3,Corporate
2658,74,Seattle  South Lake Union,4,2025-05-20,2025-05-23,3,119.42,358.26,5,Direct
2659,68,amsterdam amstel,3,2025-03-02,2025-03-08,6,226.76,1360.56,5,OTA
2660,80,boston north station,4,2026-01-02,2026-01-04,2,94.73,189.46,5,Corporate
2661,157,boston north station,3,2025-12-29,2026-01-05,7,208.43,1459.01,5,Direct
2662,225,Boston North Station,1,2026-06-26,2026-06-28,2,104.42,208.84,5,OTA
2663,244,Copenhagen Islands Brygge,4,2025-04-15,2025-04-19,4,116.5,466.0,5,Corporate
2664,340,copenhagen islands brygge,3,2025-04-12,2025-04-13,1,198.66,198.66,4,Corporate
2664,340,copenhagen islands brygge,3,2025-04-12,2025-04-13,1,198.66,198.66,4,Corporate
2665,68,Paris Gare De Lyon,2,2025-02-08,2025-02-12,4,141.33,565.32,4,OTA
2666,400,paris gare de lyon,4,2026-05-18,2026-05-22,4,92.44,369.76,4,OTA
2667,234, New York Bowery,2,2025-05-17,2025-05-23,6,178.66,1071.96,4,Corporate
2668,195,amsterdam amstel,1,2026-05-17,2026-05-21,4,101.05,404.2,5,OTA
2669,111,copenhagen islands brygge,4,2025-03-11,2025-03-14,3,103.6,310.8,5,Direct
2670,285,New York Bowery,4,2025-08-16,2025-08-17,1,107.1,107.1,5,OTA
2671,67,New York Bowery,4,2025-07-17,2025-07-20,3,113.7,341.1,5,OTA
2672,192,Seattle  South Lake Union,1,2026-06-23,2026-06-25,2,129.33,129.33,5,Direct
2673,81,Seattle South Lake Union,1,2026-06-19,2026-06-24,5,140.63,703.15,3,Corporate
2674,121,amsterdam amstel,2,2025-03-19,2025-03-26,7,159.61,1117.27,3,Corporate
2675,318,rotterdam,1,2025-07-22,2025-07-24,2,133.81,267.62,,Direct
2676,239,Boston North Station,3,2025-01-13,2025-01-15,2,225.61,451.22,3,Direct
2677,333,copenhagen islands brygge,3,2026-06-13,2026-06-19,6,194.64,1167.84,4,Direct
2678,172,london bankside,1,2025-10-31,2025-11-05,5,117.19,585.95,2,Corporate
2679,92,paris gare de lyon,4,2025-12-14,2025-12-15,1,90.24,90.24,,OTA
2680,24,boston north station,3,2026-02-15,2026-02-17,2,236.38,472.76,3,OTA
2681,218,Boston North Station,4,2026-04-05,2026-04-08,3,102.28,306.84,3,Direct
2682,162,ROTTERDAM ,4,2025-10-05,2025-10-10,5,114.05,570.25,2,OTA
2683,259,Boston North Station,4,2025-08-30,2025-09-05,6,105.94,635.64,3,Direct
2684,295,paris gare de lyon,2,2025-04-23,2025-04-27,4,144.91,579.64,3,Corporate
2685,8,Seattle  South Lake Union,3,2026-03-27,2026-03-28,1,206.57,206.57,2,OTA
2686,297,rotterdam,2,2026-03-19,2026-03-25,6,132.86,797.16,3,OTA
2687,398,new york bowery,4,2025-05-01,2025-05-03,2,119.36,238.72,4,OTA
2687,398,new york bowery,4,2025-05-01,2025-05-03,2,119.36,238.72,4,OTA
2688,338,rotterdam,3,2025-04-28,2025-05-01,3,223.45,670.35,2,Direct
2689,252, Amsterdam Amstel ,2,2026-02-22,2026-02-28,6,163.9,983.4,3,Corporate
2690,208, New York Bowery,3,2025-07-13,2025-07-15,2,194.53,389.06,3,OTA
2691,226,Seattle  South Lake Union,1,2026-05-26,2026-06-02,7,100.02,700.14,2,Corporate
2692,17,new york bowery,1,2025-10-12,2025-10-18,6,129.91,779.46,5,Corporate
2693,339,Seattle South Lake Union,4,2025-09-02,2025-09-07,5,102.92,514.6,4,Direct
2694,379,Boston North Station,3,2025-09-19,2025-09-22,3,203.15,609.45,4,OTA
2695,141,Boston North Station,2,2026-05-16,2026-05-21,5,138.1,690.5,4,OTA
2696,215,Seattle South Lake Union,2,2025-09-22,2025-09-28,6,129.67,778.02,3,OTA
2697,161,Paris Gare de Lyon,1,2025-01-15,2025-01-19,4,103.46,413.84,4,Direct
2698,400,boston north station,3,2026-03-06,2026-03-10,4,206.61,826.44,5,Direct
2699,4,copenhagen islands brygge,3,2025-11-20,2025-11-24,4,233.44,933.76,4,Corporate
2700,342,copenhagen islands brygge,4,2026-02-14,2026-02-17,3,112.84,338.52,5,Direct
2701,5,Rotterdam,3,2025-05-24,2025-05-29,5,195.01,975.05,4,Corporate
2702,69,Seattle  South Lake Union,4,2025-05-28,2025-06-01,4,113.64,454.56,5,OTA
2703,311,AMSTERDAM AMSTEL,2,2026-04-24,2026-05-01,7,160.98,1126.86,,Direct
2704,213,paris gare de lyon,4,2025-07-27,2025-08-01,5,91.66,458.3,5,OTA
2705,123, New York Bowery,2,2025-01-21,2025-01-22,1,131.33,131.33,5,Direct
2706,268,rotterdam,4,2025-11-24,2025-11-27,3,96.5,289.5,2,Direct
2707,130,copenhagen islands brygge,3,2026-04-11,2026-04-17,6,186.06,1116.36,5,OTA
2708,46,Seattle  South Lake Union,2,2025-12-03,2025-12-06,3,178.21,534.63,2,OTA
2709,365, New York Bowery,3,2026-03-24,2026-03-30,6,205.18,1231.08,4,Direct
2710,315,London  Bankside,1,2026-03-19,2026-03-21,2,116.61,233.22,5,OTA
2711,71,copenhagen islands brygge,4,2026-06-22,2026-06-29,7,89.94,629.58,5,Direct
2712,3,Amsterdam Amstel,2,2026-05-22,2026-05-29,7,167.3,1171.1,4,OTA
2713,339, New York Bowery,4,2025-06-12,2025-06-13,1,90.22,90.22,4,OTA
2714,375,boston north station,4,2025-06-25,2025-07-02,7,122.98,860.86,4,Direct
2715,112,copenhagen islands brygge,2,2025-08-06,2025-08-12,6,154.12,924.72,4,Corporate
2716,8,london bankside,2,2025-02-24,2025-03-02,6,142.52,855.12,3,Direct
2717,73,Paris Gare de Lyon,3,2026-06-26,2026-06-29,3,241.77,725.31,5,OTA
2718,264,New York Bowery,1,2026-04-22,2026-04-23,1,109.86,109.86,3,OTA
2718,264,New York Bowery,1,2026-04-22,2026-04-23,1,109.86,109.86,3,OTA
2719,343,Seattle South Lake Union,2,2025-08-30,2025-09-05,6,163.43,980.58,4,Direct
2720,224,new york bowery,3,2025-12-18,2025-12-21,3,175.0,525.0,4,OTA
2721,148,Boston North Station,4,2025-04-10,2025-04-12,2,100.94,201.88,3,OTA
2722,137,Paris Gare De Lyon,2,2026-04-19,2026-04-25,6,132.82,796.92,5,Direct
2723,326,Boston North Station,2,2025-02-21,2025-02-25,4,159.5,638.0,4,Corporate
2724,111,Seattle South Lake Union,1,2025-05-15,2025-05-20,5,135.79,678.95,4,Direct
2725,307,seattle south lake union,2,2026-01-07,2026-01-10,3,176.26,528.78,4,Direct
2726,18,Paris Gare de Lyon,4,2025-11-30,2025-12-05,5,85.65,428.25,5,Corporate
2727,149,copenhagen islands brygge,3,2025-08-04,2025-08-11,7,228.93,1602.51,2,Corporate
2728,238,Amsterdam Amstel,2,2025-06-19,2025-06-23,4,152.91,611.64,5,OTA
2729,164,Seattle  South Lake Union,4,2025-04-19,2025-04-20,1,93.8,93.8,4,Direct
2730,341,Amsterdam Amstel,4,2025-08-05,2025-08-11,6,98.5,591.0,2,Direct
2731,207,rotterdam,3,2026-02-28,2026-03-01,1,211.89,211.89,5,OTA
2732,113,Copenhagen Islands Brygge,2,2025-10-21,2025-10-28,7,161.16,1128.12,2,OTA
2733,152,london bankside,4,2025-07-25,2025-07-28,3,97.38,292.14,4,OTA
2734,292,seattle south lake union,4,2026-01-03,2026-01-09,6,99.22,595.32,4,Direct
2735,113, New York Bowery,4,2025-11-19,2025-11-21,2,117.53,235.06,3,OTA
2736,66,Paris Gare de Lyon,3,2025-04-05,2025-04-11,6,196.8,1180.8,4,OTA
2737,249,Paris Gare de Lyon,4,2026-02-28,2026-03-01,1,96.32,96.32,5,OTA
2738,280,Seattle South Lake Union,1,2025-08-14,2025-08-21,7,105.9,741.3,,OTA
2739,344,paris gare de lyon,2,2025-06-06,2025-06-08,2,145.63,291.26,5,OTA
2740,222,AMSTERDAM AMSTEL,3,2025-07-22,2025-07-27,5,211.36,1056.8,3,Corporate
2741,352,copenhagen islands brygge,1,2025-02-21,2025-02-25,4,111.65,446.6,2,Corporate
2742,351,new york bowery,1,2025-11-13,2025-11-15,2,120.14,240.28,4,Direct
2743,93,ROTTERDAM ,3,2026-03-14,2026-03-16,2,230.03,460.06,4,OTA
2744,126,paris gare de lyon,3,2026-02-27,2026-03-04,5,215.89,1079.45,5,Corporate
2745,349, New York Bowery,2,2025-09-17,2025-09-23,6,173.91,1043.46,2,Corporate
2746,45,boston north station,1,2026-01-23,2026-01-30,7,105.46,738.22,2,OTA
2747,87,Seattle  South Lake Union,3,2025-09-14,2025-09-19,5,189.36,946.8,3,OTA
2748,214,copenhagen islands brygge,1,2025-08-24,2025-08-30,6,100.15,600.9,3,OTA
2749,15, New York Bowery,1,2026-02-09,2026-02-14,5,109.78,548.9,4,OTA
2750,127,Seattle  South Lake Union,1,2025-04-04,2025-04-11,7,104.98,734.86,5,OTA
2751,16,Rotterdam,1,2025-06-06,2025-06-08,2,113.96,227.92,3,Direct
2752,35, New York Bowery,3,2025-01-05,2025-01-10,5,176.11,880.55,4,OTA
2753,96,copenhagen islands brygge,1,2025-04-26,2025-04-28,2,124.45,248.9,3,Direct
2754,295,rotterdam,1,2025-01-08,2025-01-08,0,126.71,0.0,4,Direct
2755,151,New York Bowery,3,2026-06-27,2026-06-29,2,186.64,373.28,5,Direct
2756,223,seattle south lake union,1,2025-04-27,2025-05-01,4,100.65,402.6,3,OTA
2757,131,Paris Gare de Lyon,1,2025-02-17,2025-02-22,5,141.32,706.6,5,OTA
2758,322,new york bowery,1,2025-07-03,2025-07-10,7,103.04,721.28,,OTA
2759,136,New York Bowery,1,2025-08-28,2025-08-30,2,130.98,261.96,5,Corporate
2760,46,amsterdam amstel,2,2025-04-25,2025-04-26,1,156.46,156.46,4,OTA
2761,348,copenhagen islands brygge,1,2025-04-14,2025-04-20,6,115.58,693.48,4,Direct
2762,307,Copenhagen Islands Brygge,1,2025-07-03,2025-07-06,3,106.33,318.99,5,Direct
2763,88,amsterdam amstel,1,2025-11-03,2025-11-04,1,133.28,133.28,3,Direct
2764,102, Amsterdam Amstel ,1,2026-06-19,2026-06-22,3,100.74,302.22,5,Corporate
2764,102, Amsterdam Amstel ,1,2026-06-19,2026-06-22,3,100.74,302.22,5,Corporate
2765,84,boston north station,3,2026-02-27,2026-03-03,4,187.69,750.76,5,OTA
2766,13,amsterdam amstel,4,2026-02-07,2026-02-10,3,117.07,351.21,3,Corporate
2767,255,Amsterdam Amstel,2,2026-03-29,2026-03-31,2,158.18,316.36,4,OTA
2768,6,New York Bowery,3,2025-04-21,2025-04-22,1,174.88,174.88,5,OTA
2769,317,Amsterdam Amstel,1,2026-01-08,2026-01-09,1,99.91,99.91,4,Corporate
2770,369,Seattle South Lake Union,1,2026-04-17,2026-04-18,1,109.94,109.94,5,OTA
2771,337, New York Bowery,1,2025-06-17,2025-06-24,7,134.26,939.82,5,Corporate
2772,278,London Bankside,1,2025-03-05,2025-03-06,1,130.93,130.93,4,Direct
2773,225,copenhagen islands brygge,4,2025-03-14,2025-03-19,5,90.41,452.05,5,Direct
2774,217,london bankside,3,2025-12-06,2025-12-07,1,206.63,206.63,5,OTA
2775,361, Amsterdam Amstel ,3,2025-08-24,2025-08-27,3,236.17,708.51,4,OTA
2776,326, Amsterdam Amstel ,2,2026-06-29,2026-07-02,3,155.99,467.97,4,Direct
2777,318,Seattle South Lake Union,2,2025-08-09,2025-08-15,6,164.05,984.3,5,Corporate
2778,258, New York Bowery,4,2026-03-10,2026-03-12,2,115.9,231.8,2,Corporate
2779,300,Seattle South Lake Union,2,2025-11-23,2025-11-29,6,169.36,1016.16,3,OTA
2780,208,copenhagen islands brygge,2,2025-06-09,2025-06-13,4,179.22,716.88,3,Direct
2781,54,Paris Gare de Lyon,4,2026-03-11,2026-03-13,2,115.12,230.24,4,Direct
2782,91,boston north station,4,2025-08-05,2025-08-09,4,118.51,474.04,4,OTA
2783,142, Amsterdam Amstel ,3,2026-01-08,2026-01-11,3,178.96,536.88,5,Corporate
2784,54,London Bankside,4,2025-12-14,2025-12-17,3,95.57,286.71,4,Corporate
2785,284,London  Bankside,3,2025-07-03,2025-07-10,7,192.8,1349.6,4,Direct
2786,209,London Bankside,3,2026-05-18,2026-05-24,6,238.3,1429.8,5,OTA
2787,130,Seattle South Lake Union,4,2025-07-29,2025-08-01,3,119.98,359.94,5,OTA
2788,2,Rotterdam,1,2026-04-21,2026-04-24,3,109.48,328.44,4,OTA
2789,91,Seattle  South Lake Union,2,2025-02-19,2025-02-22,3,170.29,510.87,5,OTA
2790,72,Amsterdam Amstel,3,2026-02-19,2026-02-22,3,188.14,564.42,2,Corporate
2791,138,Amsterdam Amstel,4,2025-01-14,2025-01-18,4,113.75,455.0,5,OTA
2792,229, New York Bowery,3,2025-04-15,2025-04-22,7,234.99,1644.93,5,Direct
2793,40,AMSTERDAM AMSTEL,3,2026-03-25,2026-03-26,1,170.78,170.78,4,OTA
2794,213,New York Bowery,1,2025-01-02,2025-01-05,3,106.26,318.78,4,OTA
2795,69, New York Bowery,1,2025-06-26,2025-06-27,1,136.84,136.84,3,Corporate
2796,203,Seattle  South Lake Union,4,2026-04-09,2026-04-14,5,91.73,458.65,4,Corporate
2797,201,paris gare de lyon,1,2026-05-03,2026-05-05,2,105.49,210.98,3,Direct
2798,189,ROTTERDAM ,2,2026-06-16,2026-06-22,6,143.01,858.06,5,Corporate
2799,386,Copenhagen Islands Brygge,4,2026-05-31,2026-06-02,2,86.59,173.18,5,OTA
2800,228,new york bowery,4,2025-01-17,2025-01-21,4,109.28,437.12,3,OTA
2801,118, Amsterdam Amstel ,1,2025-08-31,2025-09-03,3,117.01,351.03,4,OTA
2802,367,copenhagen islands brygge,1,2026-03-06,2026-03-08,2,127.6,255.2,,Direct
2803,45,London Bankside,1,2025-04-01,2025-04-06,5,115.08,575.4,2,Corporate
2804,143,amsterdam amstel,3,2025-10-28,2025-10-29,1,244.39,244.39,3,Corporate
2805,329,paris gare de lyon,2,2026-04-27,2026-05-04,7,165.68,1159.76,5,Direct
2806,235,rotterdam,2,2026-05-13,2026-05-20,7,170.27,1191.89,4,OTA
2807,170,Paris Gare de Lyon,3,2026-03-06,2026-03-10,4,234.04,936.16,5,OTA
2808,385,Seattle  South Lake Union,2,2025-10-08,2025-10-13,5,172.22,861.1,4,OTA
2809,73,Boston North Station,1,2025-08-18,2025-08-24,6,109.84,659.04,5,Direct
2810,145,London Bankside,2,2026-03-01,2026-03-06,5,151.22,756.1,3,OTA
2811,362,seattle south lake union,2,2025-12-08,2025-12-10,2,148.3,296.6,2,Direct
2812,12,Rotterdam,4,2025-09-09,2025-09-11,2,100.99,201.98,5,OTA
2813,196,Paris Gare De Lyon,3,2025-07-13,2025-07-19,6,208.47,1250.82,4,Direct
2814,378,New York Bowery,2,2025-03-04,2025-03-09,5,141.33,706.65,5,Direct
2815,9,Paris Gare De Lyon,2,2025-03-31,2025-04-02,2,155.86,311.72,4,Direct
2816,249,new york bowery,4,2026-05-26,2026-05-30,4,102.79,411.16,4,Direct
2817,153,rotterdam,3,2025-03-01,2025-03-03,2,242.88,485.76,4,Corporate
2818,26,London Bankside,2,2026-01-26,2026-01-31,5,142.62,713.1,5,OTA
2819,335,New York Bowery,1,2025-07-30,2025-08-02,3,140.98,422.94,3,Direct
2820,129,paris gare de lyon,1,2026-03-19,2026-03-21,2,116.52,233.04,5,Corporate
2821,153,London  Bankside,3,2026-06-04,2026-06-08,4,178.22,712.88,2,OTA
2822,233,Boston North Station,4,2025-09-13,2025-09-14,1,96.21,96.21,4,OTA
2823,118,amsterdam amstel,3,2026-06-04,2026-06-09,5,205.03,1025.15,4,OTA
2824,343,London  Bankside,3,2026-01-02,2026-01-03,1,224.93,224.93,4,OTA
2825,153,copenhagen islands brygge,4,2025-09-15,2025-09-22,7,94.55,661.85,5,Corporate
2826,270,Paris Gare De Lyon,4,2026-05-23,2026-05-28,5,95.21,476.05,4,Direct
2827,64,Rotterdam,3,2026-01-20,2026-01-24,4,226.69,906.76,3,OTA
2828,381,Rotterdam,2,2026-05-31,2026-06-06,6,169.44,1016.64,4,Direct
2829,139,Seattle South Lake Union,4,2025-02-13,2025-02-19,6,101.22,607.32,,Direct
2830,382,Paris Gare De Lyon,1,2026-01-30,2026-02-02,3,112.21,336.63,4,OTA
2831,390,New York Bowery,4,2026-05-17,2026-05-23,6,98.36,590.16,4,Direct
2832,178,Copenhagen Islands Brygge,3,2026-04-25,2026-04-26,1,197.68,197.68,2,Direct
2833,290,Boston North Station,2,2026-03-07,2026-03-13,6,139.05,834.3,4,Corporate
2834,37,Copenhagen Islands Brygge,2,2025-08-01,2025-08-06,5,179.82,899.1,5,Direct
2835,311,rotterdam,4,2025-03-10,2025-03-15,5,121.55,607.75,2,Direct
2836,297,boston north station,4,2025-11-08,2025-11-13,5,114.14,570.7,2,Direct
2837,178,New York Bowery,2,2026-05-22,2026-05-28,6,164.5,987.0,4,Corporate
2838,129,london bankside,2,2025-08-29,2025-08-30,1,132.56,132.56,5,Direct
2839,47,London  Bankside,4,2025-09-07,2025-09-11,4,110.26,441.04,4,OTA
2840,77,AMSTERDAM AMSTEL,2,2025-07-17,2025-07-18,1,144.47,144.47,4,Corporate
2841,393,Boston North Station,3,2025-03-08,2025-03-09,1,236.62,236.62,5,OTA
2842,386,amsterdam amstel,2,2025-11-12,2025-11-19,7,164.55,1151.85,2,Corporate
2843,212,new york bowery,1,2025-04-29,2025-05-04,5,130.92,327.3,,Direct
2844,342,ROTTERDAM ,4,2025-05-23,2025-05-29,6,98.22,589.32,4,Direct
2845,391,Paris Gare De Lyon,1,2026-04-23,2026-04-27,4,99.41,397.64,2,Direct
2846,90,boston north station,1,2025-09-10,2025-09-12,2,135.12,270.24,5,OTA
2847,26,Seattle  South Lake Union,2,2025-10-12,2025-10-13,1,152.38,152.38,3,Direct
2848,129,Paris Gare De Lyon,3,2025-05-10,2025-05-17,7,242.14,1694.98,5,OTA
2849,28,amsterdam amstel,3,2026-02-17,2026-02-22,5,174.76,873.8,4,Direct
2850,278,boston north station,1,2026-05-28,2026-05-31,3,129.63,388.89,3,OTA
2851,62,london bankside,3,2026-04-24,2026-04-28,4,190.38,761.52,2,Direct
2852,178,seattle south lake union,2,2026-06-05,2026-06-07,2,164.19,328.38,2,OTA
2853,68,Boston North Station,3,2025-09-27,2025-10-02,5,184.44,922.2,5,Corporate
2854,40,copenhagen islands brygge,2,2026-03-24,2026-03-27,3,126.01,378.03,5,OTA
2855,178,ROTTERDAM ,4,2026-03-31,2026-04-05,5,121.45,607.25,4,OTA
2856,60,Copenhagen Islands Brygge,3,2025-03-31,2025-04-02,2,172.42,344.84,3,OTA
2857,22,Seattle  South Lake Union,4,2025-05-20,2025-05-21,1,86.6,86.6,3,OTA
2858,81,London Bankside,1,2026-03-14,2026-03-18,4,116.79,467.16,4,OTA
2859,397,new york bowery,3,2026-05-31,2026-06-02,2,198.48,396.96,5,Direct
2860,208, Amsterdam Amstel ,3,2026-05-18,2026-05-25,7,235.27,1646.89,2,Direct
2861,104,copenhagen islands brygge,2,2025-03-19,2025-03-23,4,158.29,633.16,4,Direct
2862,124,Seattle  South Lake Union,1,2025-12-29,2026-01-03,5,116.79,583.95,4,Direct
2863,215,paris gare de lyon,2,2025-11-20,2025-11-23,3,168.32,504.96,5,OTA
2864,400,Amsterdam Amstel,3,2026-01-31,2026-02-01,1,216.09,216.09,,Direct
2865,231,Amsterdam Amstel,2,2026-06-16,2026-06-21,5,139.42,697.1,3,Direct
2866,294,Copenhagen Islands Brygge,1,2025-10-10,2025-10-11,1,123.14,123.14,2,OTA
2867,7,London Bankside,3,2025-10-28,2025-10-30,2,211.04,422.08,4,Direct
2868,387,amsterdam amstel,3,2025-11-04,2025-11-11,7,213.78,1496.46,5,OTA
2869,320,Seattle  South Lake Union,1,2025-08-22,2025-08-29,7,108.86,762.02,5,Direct
2870,324,Copenhagen Islands Brygge,4,2025-06-19,2025-06-26,7,107.44,752.08,4,Corporate
2871,314, New York Bowery,4,2025-08-12,2025-08-17,5,96.53,482.65,,Direct
2872,83,Copenhagen Islands Brygge,2,2026-04-04,2026-04-03,-1,166.92,-166.92,4,Direct
2873,283,Boston North Station,3,2025-05-01,2025-05-03,2,235.65,471.3,5,Direct
2874,232,seattle south lake union,4,2025-03-15,2025-03-20,5,112.27,561.35,3,OTA
2875,80,New York Bowery,4,2025-11-24,2025-12-01,7,86.77,607.39,4,Direct
2876,225,AMSTERDAM AMSTEL,4,2026-06-27,2026-07-01,4,118.63,474.52,5,OTA
2877,33,rotterdam,2,2026-02-19,2026-02-22,3,148.13,444.39,4,Corporate
2878,392,seattle south lake union,2,2025-12-30,2026-01-03,4,179.17,716.68,3,Corporate
2879,363,Copenhagen Islands Brygge,1,2026-06-18,2026-06-21,3,131.32,393.96,4,Direct
2880,279,New York Bowery,3,2025-03-18,2025-03-21,3,191.79,575.37,5,Direct
2881,259,amsterdam amstel,2,2025-03-11,2025-03-18,7,139.51,976.57,5,Direct
2882,128,Copenhagen Islands Brygge,3,2025-12-19,2025-12-23,4,188.32,753.28,3,OTA
2883,143,Rotterdam,3,2026-04-08,2026-04-09,1,194.05,194.05,4,OTA
2884,99,paris gare de lyon,1,2025-07-27,2025-08-03,7,109.84,768.88,4,Direct
2885,367,Copenhagen Islands Brygge,4,2026-04-19,2026-04-25,6,101.38,608.28,3,Direct
2886,143,ROTTERDAM ,4,2026-03-31,2026-04-07,7,92.55,647.85,3,OTA
2887,396,Boston North Station,2,2025-08-17,2025-08-19,2,163.86,327.72,2,OTA
2888,257,Boston North Station,3,2025-10-09,2025-10-12,3,174.97,524.91,4,OTA
2889,134,New York Bowery,1,2025-02-22,2025-02-24,2,107.9,215.8,4,Direct
2890,156,ROTTERDAM ,1,2025-11-12,2025-11-16,4,131.02,524.08,4,Direct
2891,48,Copenhagen Islands Brygge,2,2025-06-01,2025-06-08,7,145.49,1018.43,4,Direct
2892,150,rotterdam,2,2025-11-02,2025-11-06,4,163.2,652.8,3,Direct
2893,225,ROTTERDAM ,2,2026-06-18,2026-06-23,5,160.68,803.4,3,Direct
2894,284,New York Bowery,3,2026-02-01,2026-02-02,1,182.02,182.02,4,Direct
2895,208, New York Bowery,3,2025-02-20,2025-02-25,5,191.57,957.85,5,Direct
2896,131,Copenhagen Islands Brygge,2,2025-02-05,2025-02-07,2,128.5,257.0,4,OTA
2897,385,Copenhagen Islands Brygge,2,2026-06-21,2026-06-24,3,142.79,428.37,5,Corporate
2898,84,Copenhagen Islands Brygge,3,2025-03-19,2025-03-26,7,218.02,1526.14,3,Direct
2899,379,Copenhagen Islands Brygge,1,2025-07-07,2025-07-14,7,98.37,688.59,5,Direct
2900,262,Rotterdam,1,2026-01-24,2026-01-31,7,111.71,781.97,5,Direct
2901,241,boston north station,2,2025-06-01,2025-06-02,1,128.21,128.21,5,OTA
2902,137,new york bowery,3,2025-01-15,2025-01-19,4,175.22,700.88,5,OTA
2903,125,amsterdam amstel,1,2025-12-21,2025-12-27,6,99.43,596.58,5,OTA
2904,102, New York Bowery,1,2026-05-27,2026-06-03,7,117.94,825.58,4,Direct
2905,386,paris gare de lyon,2,2025-06-10,2025-06-11,1,135.1,135.1,3,OTA
2906,57,Rotterdam,4,2026-02-06,2026-02-06,0,101.35,0.0,4,Corporate
2907,117,Seattle  South Lake Union,2,2025-10-13,2025-10-19,6,128.62,771.72,5,OTA
2908,24,paris gare de lyon,2,2026-05-14,2026-05-17,3,170.36,511.08,3,OTA
2909,389,Boston North Station,2,2026-05-09,2026-05-15,6,139.38,836.28,5,OTA
2910,116,amsterdam amstel,1,2026-06-20,2026-06-24,4,133.9,535.6,2,OTA
2911,11, Amsterdam Amstel ,3,2025-02-28,2025-03-07,7,240.96,1686.72,5,Corporate
2912,286,Rotterdam,2,2025-08-05,2025-08-09,4,130.93,523.72,5,Corporate
2913,55, New York Bowery,1,2026-04-28,2026-04-29,1,109.06,109.06,5,Corporate
2914,169,boston north station,4,2025-08-02,2025-08-06,4,96.07,384.28,2,Direct
2915,374,copenhagen islands brygge,1,2025-10-27,2025-11-03,7,118.59,830.13,5,OTA
2915,374,copenhagen islands brygge,1,2025-10-27,2025-11-03,7,118.59,830.13,5,OTA
2916,257,Copenhagen Islands Brygge,2,2025-12-31,2026-01-07,7,169.05,1183.35,,OTA
2917,206,Rotterdam,1,2025-05-21,2025-05-25,4,128.99,515.96,5,Direct
2918,112,Boston North Station,1,2026-03-14,2026-03-16,2,120.91,241.82,4,OTA
2919,250,Rotterdam,4,2025-10-02,2025-10-04,2,118.91,237.82,,OTA
2920,307,Rotterdam,3,2025-05-19,2025-05-25,6,234.3,1405.8,3,OTA
2921,149,Seattle South Lake Union,1,2025-04-06,2025-04-07,1,133.4,133.4,5,Corporate
2922,345,Seattle South Lake Union,4,2026-04-20,2026-04-21,1,107.86,107.86,2,Direct
2923,173,rotterdam,4,2026-04-07,2026-04-09,2,89.08,178.16,3,Corporate
2924,206,Seattle South Lake Union,1,2025-02-22,2025-02-27,5,98.98,494.9,5,Corporate
2925,17,Boston North Station,4,2025-06-15,2025-06-22,7,111.52,780.64,3,Direct
2926,199,Copenhagen Islands Brygge,3,2026-06-03,2026-06-07,4,201.11,804.44,4,Corporate
2927,285,rotterdam,4,2026-04-06,2026-04-07,1,100.13,100.13,4,Direct
2928,61,Paris Gare De Lyon,2,2026-05-18,2026-05-25,7,160.76,1125.32,4,OTA
2929,208,London  Bankside,1,2026-06-27,2026-06-30,3,128.43,385.29,3,Corporate
2930,362,New York Bowery,3,2025-08-08,2025-08-12,4,185.46,741.84,4,Direct
2931,385,london bankside,3,2025-09-19,2025-09-24,5,234.16,1170.8,,Direct
2932,228,Boston North Station,3,2026-02-25,2026-02-26,1,228.63,228.63,5,Corporate
2933,394,AMSTERDAM AMSTEL,4,2025-06-12,2025-06-17,5,113.64,568.2,3,Corporate
2934,233,Boston North Station,2,2025-10-01,2025-10-04,3,164.64,493.92,4,Corporate
2935,100,Seattle  South Lake Union,4,2026-02-22,2026-02-28,6,97.72,586.32,4,Direct
2936,248, New York Bowery,1,2025-03-03,2025-03-10,7,106.28,743.96,4,OTA
2937,236,copenhagen islands brygge,1,2025-11-28,2025-11-30,2,98.19,196.38,5,OTA
2938,81,Boston North Station,3,2026-01-22,2026-01-29,7,192.29,1346.03,4,Direct
2939,76,seattle south lake union,4,2025-01-01,2025-01-05,4,91.42,365.68,5,Direct
2940,211,Rotterdam,3,2025-07-02,2025-07-08,6,213.15,1278.9,5,OTA
2941,369,london bankside,4,2026-04-18,2026-04-22,4,118.36,473.44,,Corporate
2942,328,london bankside,2,2025-03-10,2025-03-13,3,180.46,541.38,5,Direct
2943,240,boston north station,2,2025-02-15,2025-02-21,6,159.59,957.54,4,Corporate
2944,34,paris gare de lyon,2,2025-09-21,2025-09-22,1,173.52,173.52,4,OTA
2945,197,AMSTERDAM AMSTEL,4,2026-03-22,2026-03-26,4,96.39,192.78,4,Direct
2946,114,copenhagen islands brygge,3,2025-08-18,2025-08-24,6,243.15,1458.9,4,Direct
2947,266,London Bankside,1,2025-12-07,2025-12-11,4,103.15,412.6,5,OTA
2948,191,rotterdam,2,2026-02-23,2026-02-24,1,126.78,228.2,4,Direct
2949,192,Paris Gare De Lyon,1,2026-02-13,2026-02-18,5,132.89,664.45,4,Corporate
2950,163,Copenhagen Islands Brygge,4,2025-06-04,2025-06-11,7,97.42,681.94,2,Corporate
2951,45,london bankside,4,2026-04-03,2026-04-09,6,88.37,530.22,5,Corporate
2952,89,New York Bowery,4,2025-07-22,2025-07-25,3,95.04,285.12,3,Direct
2953,353,seattle south lake union,2,2025-04-25,2025-04-27,2,148.28,296.56,5,Direct
2954,128,copenhagen islands brygge,2,2025-05-25,2025-05-27,2,169.07,338.14,,OTA
2955,139,Amsterdam Amstel,1,2025-06-21,2025-06-26,5,101.25,506.25,,OTA
2956,230,Boston North Station,3,2025-05-03,2025-05-10,7,200.48,1403.36,,Direct
2957,264, Amsterdam Amstel ,1,2025-12-04,2025-12-11,7,141.23,988.61,4,OTA
2958,18, Amsterdam Amstel ,1,2025-02-19,2025-02-22,3,139.47,418.41,3,Direct
2959,55,amsterdam amstel,2,2025-03-12,2025-03-13,1,148.17,148.17,5,Direct
2960,230,boston north station,4,2025-09-22,2025-09-24,2,91.16,182.32,4,OTA
2961,235,Paris Gare de Lyon,3,2026-06-06,2026-06-13,7,233.54,1634.78,4,OTA
2962,126,Paris Gare de Lyon,2,2025-03-22,2025-03-28,6,166.53,999.18,4,Direct
2963,252,copenhagen islands brygge,1,2025-08-05,2025-08-06,1,123.16,123.16,5,OTA
2964,333,copenhagen islands brygge,1,2026-02-12,2026-02-15,3,121.14,363.42,4,OTA
2965,242,New York Bowery,2,2025-10-05,2025-10-11,6,155.82,934.92,5,OTA
2966,292, New York Bowery,3,2026-01-07,2026-01-11,4,211.23,844.92,5,OTA
2967,19,new york bowery,2,2026-01-13,2026-01-16,3,176.56,529.68,5,Corporate
2968,89,London  Bankside,1,2026-03-20,2026-03-25,5,114.71,573.55,4,OTA
2969,224,paris gare de lyon,2,2025-05-23,2025-05-25,2,138.22,276.44,5,Corporate
2970,379, New York Bowery,3,2025-12-14,2025-12-20,6,233.23,1399.38,5,OTA
2971,233,Amsterdam Amstel,4,2025-03-24,2025-03-30,6,101.48,608.88,4,Direct
2972,137,copenhagen islands brygge,4,2025-08-17,2025-08-24,7,93.61,655.27,5,OTA
2973,123,New York Bowery,1,2026-06-26,2026-06-30,4,130.73,522.92,5,Direct
2974,247,boston north station,2,2025-02-22,2025-02-28,6,129.52,777.12,,OTA
2975,240, New York Bowery,2,2026-02-08,2026-02-09,1,160.82,160.82,5,Corporate
2976,145, New York Bowery,2,2025-05-17,2025-05-20,3,137.66,412.98,4,Corporate
2977,231,seattle south lake union,2,2026-04-12,2026-04-16,4,149.89,599.56,4,OTA
2978,48,Rotterdam,1,2025-10-16,2025-10-21,5,141.49,707.45,2,OTA
2979,278,copenhagen islands brygge,3,2025-06-30,2025-07-07,7,227.41,1591.87,5,OTA
2980,340,new york bowery,3,2026-04-03,2026-04-10,7,236.66,1656.62,3,OTA
2981,331,New York Bowery,1,2025-06-03,2025-06-06,3,101.64,304.92,5,Corporate
2982,232,Seattle  South Lake Union,1,2026-06-17,2026-06-24,7,132.43,927.01,2,Direct
2983,368,ROTTERDAM ,3,2025-12-02,2025-12-09,7,223.34,1563.38,3,Direct
2984,27,ROTTERDAM ,1,2025-10-15,2025-10-19,4,119.35,477.4,2,OTA
2985,150,copenhagen islands brygge,4,2026-04-21,2026-04-26,5,103.69,518.45,4,OTA
2986,16,London Bankside,1,2025-09-19,2025-09-21,2,115.88,231.76,5,Corporate
2987,301,seattle south lake union,3,2025-04-21,2025-04-24,3,228.1,684.3,2,Direct
2988,366,Amsterdam Amstel,3,2025-12-28,2026-01-02,5,238.16,1190.8,4,Corporate
2989,179,copenhagen islands brygge,2,2025-11-01,2025-11-08,7,172.55,1207.85,4,Direct
2990,170,Paris Gare De Lyon,1,2025-07-04,2025-07-10,6,137.78,826.68,3,Direct
2991,248,Seattle  South Lake Union,4,2026-03-31,2026-04-02,2,112.94,225.88,2,Corporate
2992,25,seattle south lake union,2,2025-03-13,2025-03-14,1,161.08,161.08,4,Direct
2993,352,London  Bankside,2,2026-06-07,2026-06-08,1,148.06,148.06,5,Corporate
2994,310,copenhagen islands brygge,4,2025-10-07,2025-10-11,4,117.6,470.4,4,OTA
2995,200,new york bowery,4,2026-05-28,2026-06-03,6,115.24,691.44,3,OTA
2996,74,ROTTERDAM ,3,2025-11-30,2025-12-05,5,225.74,1128.7,3,Direct
2997,29,London  Bankside,4,2025-06-30,2025-07-05,5,110.29,551.45,5,Corporate
2998,94,Copenhagen Islands Brygge,4,2025-04-01,2025-04-04,3,109.78,329.34,2,OTA
2999,226,Copenhagen Islands Brygge,3,2026-02-08,2026-02-14,6,186.96,1121.76,5,Direct
3000,206,rotterdam,2,2025-01-17,2025-01-18,1,136.27,136.27,4,Direct
